Workbook

Sheet Sheet1
A1: 45260 | B1: 45262 | C1: 45262 | D1: 45267 | E1: 45267 | F1: 45269 | G1: 45274 | H1: 45274 | I1: 45654 | J1: 45654
A2: Young Link | B2: King Dedede | C2: Samus | D2: Byleth | E2: Chrom | F2: Pichu | G2: Dr. Mario | H2: King Dedede | I2: Corrin | J2: Samus
A3: Zero Suit Samus | B3: Mega Man | C3: Ike | D3: Samus | E3: Terry | F3: Byleth | G3: Mii Swordfighter | H3: Mii Brawler | I3: Samus | J3: Mega Man
A4: Little Mac | B4: Kirby | C4: Mega Man | D4: King Dedede | E4: Bayonetta | F4: Isabelle | G4: Incineroar | H4: Mii Gunner | I4: Mega Man | J4: Lucas
A5: Mario | B5: Isabelle | C5: Jigglypuff | D5: Cloud | E5: King Dedede | F5: Sora | G5: Wario | H5: Bayonetta | I5: Lucas | J5: Zero Suit Samus
A6: King Dedede | B6: Byleth | C6: Ken | D6: Terry | E6: Byleth | F6: Samus | G6: King Dedede | H6: Wii Fit Trainer | I6: Villager | J6: Robin
A7: Lucas | B7: Pikachu | C7: Joker | D7: Captain Falcon | E7: Samus | F7: Terry | G7: Young Link | H7: Young Link | I7: Luigi | J7: Link
A8: Dr. Mario | B8: Ken | C8: King Dedede | D8: Ken | E8: Villager | F8: Pokemon Trainer | G8: Samus | H8: Isabelle | I8: Fox | J8: Corrin
A9: Meta Knight | B9: Diddy Kong | C9: R.O.B. | D9: Young Link | E9: Little Mac | F9: Dark Samus | G9: Meta Knight | H9: Samus | I9: Mii Swordfighter | J9: Bayonetta
A12: Character | B12: Top 8's | C12: Trophies | D12: History | E12: Avg Position | F12: Total
A13: Banjo-Kazooie | B13: 5 | C13: 0 | D13: 4,7,8,2,3 | E13: 4.8 | F13: 24 | J13: Character | K13: Top 8's | L13: Trophies | M13: Avg Position | N13: Trophy Rate
A14: Bayonetta | B14: 18 | C14: 2 | D14: 3,6,2,7,6,4,2,1,3,2,8,7,6,1,2,3,4,8 | E14: 4.17 | F14: 75 | J14: Banjo-Kazooie | K14: 5 | L14: 0 | M14: 4.8 | N14: 0
A15: Bowser | B15: 4 | C15: 0 | D15: 6,5,4,8 | E15: 5.75 | F15: 23 | J15: Bayonetta | K15: 18 | L15: 2 | M15: 4.17 | N15: 0.11
A16: Bowser Jr. | B16: 3 | C16: 0 | D16: 6,6,5 | E16: 5.67 | F16: 17 | J16: Bowser | K16: 4 | L16: 0 | M16: 5.75 | N16: 0
A17: Byleth | B17: 22 | C17: 7 | D17: 1,2,2,6,3,8,2,4,1,1,1,1,1,3,3,3,2,7,5,1,5,2 | E17: 2.91 | F17: 64 | J17: Bowser Jr. | K17: 3 | L17: 0 | M17: 5.67 | N17: 0
A18: Captain Falcon | B18: 30 | C18: 5 | D18: 1,1,2,5,1,6,6,8,4,5,8,1,4,2,7,2,8,2,5,7,2,4,3,1,7,2,4,7,8,6 | E18: 4.33 | F18: 129 | J18: Byleth | K18: 22 | L18: 7 | M18: 2.91 | N18: 0.32
A19: Cloud | B19: 11 | C19: 2 | D19: 1,5,8,8,1,2,6,6,6,2,4 | E19: 4.45 | F19: 49 | J19: Captain Falcon | K19: 30 | L19: 5 | M19: 4.3 | N19: 0.17
A20: Chrom | B20: 1 | C20: 1 | D20: 1 | E20: 1 | F20: 1 | J20: Cloud | K20: 11 | L20: 2 | M20: 4.45 | N20: 0.18
A21: Corrin | B21: 33 | C21: 3 | D21: 4,2,3,2,2,3,1,3,1,2,5,7,8,3,4,8,4,7,4,5,6,2,2,2,8,3,7,6,4,7,7,1,7 | E21: 4.24 | F21: 140 | J21: Corrin | K21: 33 | L21: 3 | M21: 4.24 | N21: 0.09
A22: Daisy | B22: 3 | C22: 0 | D22: 2,6,8 | E22: 5.33 | F22: 16 | J22: Donkey Kong | K22: 30 | L22: 3 | M22: 5.23 | N22: 0.1
A23: Diddy Kong | B23: 3 | C23: 1 | D23: 1,8,8 | E23: 5.67 | F23: 17 | J23: Falco | K23: 6 | L23: 0 | M23: 3.67 | N23: 0
A24: Donkey Kong | B24: 30 | C24: 3 | D24: 7,4,7,7,4,5,8,4,2,6,1,6,5,6,1,6,7,7,6,5,7,5,7,1,3,8,2,4,8,8 | E24: 5.23 | F24: 157 | J24: Fox | K24: 11 | L24: 1 | M24: 5.82 | N24: 0.09
A25: Dr. Mario | B25: 3 | C25: 1 | D25: 6,7,1 | E25: 4.67 | F25: 14 | J25: Ganondorf | K25: 26 | L25: 3 | M25: 5.31 | N25: 0.12
A26: Duck Hunt | B26: 3 | C26: 0 | D26: 3,4,5 | E26: 4 | F26: 12 | J26: Greninja | K26: 5 | L26: 1 | M26: 5 | N26: 0.2
A27: Falco | B27: 6 | C27: 0 | D27: 4,2,4,2,3,7 | E27: 3.67 | F27: 22 | J27: Hero | K27: 4 | L27: 0 | M27: 4.25 | N27: 0
A28: Fox | B28: 11 | C28: 1 | D28: 8,6,8,8,4,8,4,4,1,6,7 | E28: 5.82 | F28: 64 | J28: Ice-Climbers | K28: 3 | L28: 0 | M28: 6 | N28: 0
A29: Ganondorf | B29: 26 | C29: 3 | D29: 8,6,1,5,6,3,7,5,8,1,1,7,8,2,6,4,8,6,4,5,5,8,6,7,3 | E29: 5.31 | F29: 138 | J29: Incineroar | K29: 7 | L29: 1 | M29: 4.43 | N29: 0.14
A30: Greninja | B30: 5 | C30: 1 | D30: 6,1,6,6,6 | E30: 5 | F30: 25 | J30: Inkling | K30: 3 | L30: 0 | M30: 4 | N30: 0
A31: Hero | B31: 4 | C31: 0 | D31: 2,3,5,7 | E31: 4.25 | F31: 17 | J31: Isabelle | K31: 7 | L31: 3 | M31: 3.29 | N31: 0.43
A32: Ike | B32: 3 | C32: 0 | D32: 8,4,2 | E32: 4.67 | F32: 14 | H32: * | J32: Jigglypuff | K32: 13 | L32: 0 | M32: 4.62 | N32: 0
A33: Ice-Climbers | B33: 3 | C33: 0 | D33: 7,4,7 | E33: 6 | F33: 18 | J33: Joker | K33: 8 | L33: 2 | M33: 4.5 | N33: 0.25
A34: Incineroar | B34: 7 | C34: 1 | D34: 1,5,4,6,6,4,3 | E34: 4.43 | F34: 31 | J34: Ken | K34: 9 | L34: 0 | M34: 6.11 | N34: 0
A35: Inkling | B35: 3 | C35: 0 | D35: 2,6,4 | E35: 4 | F35: 12 | J35: King Dedede | K35: 61 | L35: 13 | M35: 4.11 | N35: 0.21
A36: Isabelle | B36: 7 | C36: 3 | D36: 1,1,1,6,4,3,7 | E36: 3.29 | F36: 23 | J36: King K Rool | K36: 10 | L36: 1 | M36: 5 | N36: 0.1
A37: Jigglypuff | B37: 13 | C37: 0 | D37: 2,4,2,7,8,8,8,7,2,2,2,4,4 | E37: 4.62 | F37: 60 | J37: Kirby | K37: 24 | L37: 3 | M37: 4.29 | N37: 0.13
A38: Joker | B38: 8 | C38: 2 | D38: 8,1,3,5,8,4,1,6 | E38: 4.5 | F38: 36 | J38: Link | K38: 6 | L38: 1 | M38: 4.17 | N38: 0.17
A39: Kazuya | B39: 3 | C39: 1 | D39: 3,1,6 | E39: 3.33 | F39: 10 | J39: Lucario | K39: 11 | L39: 2 | M39: 3.45 | N39: 0.18
A40: Ken | B40: 9 | C40: 0 | D40: 8,5,3,7,8,5,7,5,7 | E40: 6.11 | F40: 55 | J40: Luigi | K40: 8 | L40: 0 | M40: 4.75 | N40: 0
A41: King Dedede | B41: 61 | C41: 13 | D41: 5,1,1,8,3,3,4,4,7,1,8,3,4,5,4,3,1,1,3,3,1,4,6,1,2,1,1,4,8,1,3,8,6,1,3,5,7,7,5,8,7,7,4,6,4,8,6,7,8,2,2,4,5,4,1,7,5,3,4,5,1 | E41: 4.11 | F41: 251 | J41: Mario | K41: 16 | L41: 0 | M41: 5.38 | N41: 0
A42: King K Rool | B42: 10 | C42: 1 | D42: 7,8,7,3,4,7,6,1,5,2 | E42: 5 | F42: 50 | J42: Mega Man | K42: 21 | L42: 3 | M42: 3.24 | N42: 0.14
A43: Kirby | B43: 24 | C43: 3 | D43: 3,1,3,2,4,3,8,1,1,6,7,4,3,8,7,5,4,5,5,2,7,5,6,3 | E43: 4.29 | F43: 103 | J43: Meta Knight | K43: 20 | L43: 1 | M43: 5.05 | N43: 0.05
A44: Link | B44: 6 | C44: 1 | D44: 3,5,1,2,8,6 | E44: 4.17 | F44: 25 | J44: Mewtwo | K44: 3 | L44: 0 | M44: 4.33 | N44: 0
... A52: Meta Knight | B52: 20 | C52: 1 | D52: 2,3,7,7,4,2,3,5,3,5,5,7,7,4,1,7,8,5,8,8 | E52: 5.05 | F52: 101 | J52: Piranha Plant | K52: 6 | L52: 0 | M52: 3.83 | N52: 0
A53: Mewtwo | B53: 3 | D53: 3,6,4 | E53: 4.33 | F53: 13 | J53: Princess Peach | K53: 9 | L53: 0 | M53: 4.44 | N53: 0
A54: Mii Brawler | B54: 1 | C54: 0 | D54: 2 | E54: 2 | F54: 2 | J54: R.O.B. | K54: 10 | L54: 0 | M54: 4.6 | N54: 0
A55: Mii Gunner | B55: 2 | C55: 0 | D55: 7,3 | E55: 5 | F55: 10 | J55: Richter | K55: 3 | L55: 0 | M55: 5.33 | N55: 0
A56: Mii Swordfighter | B56: 3 | C56: 0 | D56: 2,2,8 | E56: 4 | F56: 12 | J56: Ridley | K56: 6 | L56: 1 | M56: 5.17 | N56: 0.17
A57: Min Min | B57: 2 | C57: 0 | D57: 7,8 | E57: 7.5 | F57: 15 | J57: Rosalina | K57: 4 | L57: 0 | M57: 5.75 | N57: 0
A58: Mr. Game & Watch | B58: 7 | C58: 0 | D58: 5,4,2,7,3,6,5 | E58: 4.57 | F58: 32 | J58: Roy | K58: 4 | L58: 0 | M58: 5.25 | N58: 0
A59: Ness | B59: 15 | C59: 1 | D59: 8,2,4,1,5,6,4,5,5,3,3,8,4,7,6 | E59: 4.73 | F59: 71 | J59: Ryu | K59: 4 | L59: 0 | M59: 5.5 | N59: 0
A60: Olimar | B60: 5 | C60: 0 | D60: 4,5,8,5,5 | E60: 5.4 | F60: 27 | J60: Samus | K60: 58 | L60: 9 | M60: 4.19 | N60: 0.16
A61: Pac Man | B61: 3 | C61: 0 | D61: 6,4,5 | E61: 5 | F61: 15 | J61: Sephiroth | K61: 3 | L61: 1 | M61: 4 | N61: 0.33
A62: Palutena | B62: 3 | C62: 0 | D62: 7,2,3 | E62: 4 | F62: 12 | J62: Simon | K62: 3 | L62: 0 | M62: 5.33 | N62: 0
A63: Pichu | B63: 6 | C63: 1 | D63: 5,7,4,5,8,1 | E63: 5 | F63: 30 | J63: Snake | K63: 9 | L63: 1 | M63: 5.11 | N63: 0.11
A64: Pikachu | B64: 8 | C64: 0 | D64: 4,8,7,6,2,7,2,6 | E64: 5.25 | F64: 42 | J64: Sonic | K64: 7 | L64: 2 | M64: 4.29 | N64: 0.29
A65: Piranha Plant | B65: 6 | C65: 0 | D65: 6,5,2,2,2,6 | E65: 3.83 | F65: 23 | J65: Steve | K65: 3 | L65: 0 | M65: 5.67 | N65: 0
A66: Pit | B66: 3 | C66: 1 | D66: 2,1,8 | E66: 3.67 | F66: 11 | J66: Terry | K66: 22 | L66: 5 | M66: 3.95 | N66: 0.23
... A91: Wolf | B91: 5 | C91: 1 | D91: 7,7,4,8,1 | E91: 5.4 | F91: 27 | J91: Robin | K91: 3 | L91: 0 | M91: 5.33 | N91: 0
A92: Yoshi | B92: 12 | C92: 1 | D92: 4,6,6,6,8,1,2,4,5,6,6,2 | E92: 4.67 | F92: 56
A93: Young Link | B93: 4 | C93: 1 | D93: 1,8,6,6 | E93: 5.25 | F93: 21
A94: Zelda | B94: 4 | C94: 1 | D94: 3,8,4,1 | E94: 4 | F94: 16
A95: Zero Suit Samus | B95: 6 | C95: 0 | D95: 7,6,6,8,2,4 | E95: 5.5 | F95: 33

Sheet Sheet2
A1: Character | B1: Top 8's | C1: Trophies | D1: Avg Position | E1: Trophy Rate | H1: Character | I1: Top 8's | J1: Trophies | K1: Avg Position | L1: Trophy Rate | O1: Character | P1: Top 8's | Q1: Trophies | R1: Avg Position | S1: Trophy Rate
A2: Isabelle | B2: 6 | C2: 3 | D2: 2.67 | E2: 0.5 | H2: Byleth | I2: 22 | J2: 7 | K2: 2.91 | L2: 0.32 | O2: Byleth | P2: 22 | Q2: 7 | R2: 2.91 | S2: 0.32
A3: Byleth | B3: 22 | C3: 7 | D3: 2.91 | E3: 0.32 | H3: Isabelle | I3: 7 | J3: 3 | K3: 3.29 | L3: 0.43 | M3: ▼1 | O3: Mega Man | P3: 21 | Q3: 3 | R3: 3.24 | S3: 0.14 | T3: ▲1
A4: Mega Man | B4: 19 | C4: 3 | D4: 3.32 | E4: 0.17 | H4: Mega Man | I4: 19 | J4: 3 | K4: 3.32 | L4: 0.17 | O4: Isabelle | P4: 7 | Q4: 3 | R4: 3.29 | S4: 0.43 | T4: ▼1
A5: Kazuya | B5: 3 | C5: 1 | D5: 3.33 | E5: 0.33 | H5: Kazuya | I5: 3 | J5: 1 | K5: 3.33 | L5: 0.33 | O5: Kazuya | P5: 3 | Q5: 1 | R5: 3.33 | S5: 0.33
A6: Marth | B6: 5 | C6: 1 | D6: 3.4 | E6: 0.2 | H6: Marth | I6: 5 | J6: 1 | K6: 3.4 | L6: 0.2 | O6: Marth | P6: 5 | Q6: 1 | R6: 3.4 | S6: 0.2
A7: Lucario | B7: 11 | C7: 2 | D7: 3.45 | E7: 0.18 | H7: Lucario | I7: 11 | J7: 2 | K7: 3.45 | L7: 0.18 | O7: Lucario | P7: 11 | Q7: 2 | R7: 3.45 | S7: 0.18
A8: Falco | B8: 6 | C8: 0 | D8: 3.67 | E8: 0 | H8: Falco | I8: 6 | J8: 0 | K8: 3.67 | L8: 0 | O8: Falco | P8: 6 | Q8: 0 | R8: 3.67 | S8: 0
A9: Wii Fit Trainer | B9: 3 | C9: 0 | D9: 3.67 | E9: 0 | F9: ▲1 | H9: Pit | I9: 3 | J9: 1 | K9: 3.67 | L9: 0.33 | M9: ▲1 | O9: Pit | P9: 3 | Q9: 1 | R9: 3.67 | S9: 0.33
A10: Pit | B10: 3 | C10: 1 | D10: 3.67 | E10: 0.33 | F10: ▲1 | H10: Link | I10: 5 | J10: 1 | K10: 3.8 | L10: 0.2 | O10: Piranha Plant | P10: 6 | Q10: 0 | R10: 3.83 | S10: 0 | T10: ▲1
A11: Link | B11: 5 | C11: 1 | D11: 3.8 | E11: 0.2 | F11: ▲1 | H11: Piranha Plant | I11: 6 | J11: 0 | K11: 3.83 | L11: 0 | O11: Villager | P11: 20 | Q11: 5 | R11: 3.9 | S11: 0.25 | T11: ▲1
A12: Piranha Plant | B12: 6 | C12: 0 | D12: 3.83 | E12: 0 | F12: ▲1 | H12: Villager | I12: 19 | J12: 5 | K12: 3.84 | L12: 0.26 | M12: ▲1 | O12: Terry | P12: 22 | Q12: 5 | R12: 3.95 | S12: 0.23 | T12: ▲2
A13: Villager | B13: 19 | C13: 5 | D13: 3.84 | E13: 0.26 | F13: ▼4 | H13: Bayonetta | I13: 17 | J13: 2 | K13: 3.94 | L13: 0.12 | M13: ▲1 | O13: Inkling | P13: 3 | Q13: 0 | R13: 4 | S13: 0 | T13: ▲2
A14: Bayonetta | B14: 16 | C14: 2 | D14: 3.94 | E14: 0.13 | F14: ▲1 | H14: Terry | I14: 22 | J14: 5 | K14: 3.95 | L14: 0.23 | M14: ▲1 | O14: Palutena | P14: 3 | Q14: 0 | R14: 4 | S14: 0 | T14: ▲2
A15: Terry | B15: 22 | C15: 5 | D15: 3.95 | E15: 0.23 | F15: ▼1 | H15: Inkling | I15: 3 | J15: 0 | K15: 4 | L15: 0 | O15: Sephiroth | P15: 3 | Q15: 1 | R15: 4 | S15: 0.33 | T15: ▲2
A16: Inkling | B16: 3 | C16: 0 | D16: 4 | E16: 0 | H16: Palutena | I16: 3 | J16: 0 | K16: 4 | L16: 0 | O16: Wii Fit Trainer | P16: 4 | Q16: 0 | R16: 4 | S16: 0 | T16: ▲2
A17: Palutena | B17: 3 | C17: 0 | D17: 4 | E17: 0 | H17: Sephiroth | I17: 3 | J17: 1 | K17: 4 | L17: 0.33 | O17: Zelda | P17: 4 | Q17: 1 | R17: 4 | S17: 0.25 | T17: ▲2
A18: Sephiroth | B18: 3 | C18: 1 | D18: 4 | E18: 0.33 | H18: Wii Fit Trainer | I18: 4 | J18: 0 | K18: 4 | L18: 0 | M18: ▼6 | O18: Duck Hunt | P18: 3 | Q18: 0 | R18: 4 | S18: 0 | T18: ▲2
A19: Zelda | B19: 4 | C19: 1 | D19: 4 | E19: 0.25 | H19: Zelda | I19: 4 | J19: 1 | K19: 4 | L19: 0.25 | O19: Mii Swordfighter | P19: 3 | Q19: 0 | R19: 4 | S19: 0 | T19: New Mid
A20: Duck Hunt | B20: 3 | C20: 0 | D20: 4 | E20: 0 | H20: Duck Hunt | I20: 3 | J20: 0 | K20: 4 | L20: 0 | O20: King Dedede | P20: 61 | Q20: 13 | R20: 4.11 | S20: 0.21 | T20: ▲1
A21: Wario | B21: 8 | C21: 2 | D21: 4.13 | E21: 0.25 | F21: ▲1 | H21: King Dedede | I21: 61 | J21: 13 | K21: 4.11 | L21: 0.21 | M21: ▲1 | O21: Wario | P21: 9 | Q21: 2 | R21: 4.11 | S21: 0.22 | T21: ▲1
A22: King Dedede | B22: 59 | C22: 12 | D22: 4.15 | E22: 0.2 | F22: ▲1 | H22: Wario | I22: 9 | J22: 2 | K22: 4.11 | L22: 0.22 | O22: Bayonetta | P22: 18 | Q22: 2 | R22: 4.17 | S22: 0.11 | T22: ▼9💀
A23: Samus | B23: 54 | C23: 8 | D23: 4.17 | E23: 0.15 | F23: ▼2 | H23: Hero | I23: 4 | J23: 0 | K23: 4.25 | L23: 0 | M23: ▲1 | O23: Link | P23: 6 | Q23: 1 | R23: 4.17 | S23: 0.17 | T23: ▼13💀💀
A24: Hero | B24: 4 | C24: 0 | D24: 4.25 | E24: 0 | F24: ▲1 | H24: Toon Link | I24: 4 | J24: 0 | K24: 4.25 | L24: 0 | M24: ▲1 | O24: Samus | P24: 58 | Q24: 9 | R24: 4.19 | S24: 0.16 | T24: ▲3
A25: Toon Link | B25: 4 | C25: 0 | D25: 4.25 | E25: 0 | F25: ▲1 | H25: Corrin | I25: 31 | J25: 2 | K25: 4.26 | L25: 0.06 | M25: ▲1 | O25: Corrin | P25: 33 | Q25: 3 | R25: 4.24 | S25: 0.09
A26: Corrin | B26: 31 | C26: 2 | D26: 4.26 | E26: 0.06 | F26: ▲1 | H26: Kirby | I26: 24 | J26: 3 | K26: 4.29 | L26: 0.13 | M26: ▲1 | O26: Hero | P26: 4 | Q26: 0 | R26: 4.25 | S26: 0 | T26: ▼3
A27: Kirby | B27: 24 | C27: 3 | D27: 4.29 | E27: 0.13 | F27: ▲1 | H27: Samus | I27: 56 | J27: 8 | K27: 4.29 | L27: 0.14 | M27: ▼3 | O27: Toon Link | P27: 4 | Q27: 0 | R27: 4.25 | S27: 0 | T27: ▼3
A28: Sonic | B28: 7 | C28: 2 | D28: 4.29 | E28: 0.29 | F28: ▲1 | H28: Sonic | I28: 7 | J28: 2 | K28: 4.29 | L28: 0.29 | O28: Kirby | P28: 24 | Q28: 3 | R28: 4.29 | S28: 0.13 | T28: ▼2
A29: Captain Falcon | B29: 30 | C29: 5 | D29: 4.3 | E29: 0.17 | F29: ▼5 | H29: Captain Falcon | I29: 30 | J29: 5 | K29: 4.3 | L29: 0.17 | O29: Sonic | P29: 7 | Q29: 2 | R29: 4.29 | S29: 0.29 | T29: ▼1
A30: Mewtwo | B30: 3 | C30: 0 | D30: 4.33 | E30: 0 | H30: Mewtwo | I30: 3 | J30: 0 | K30: 4.33 | L30: 0 | O30: Captain Falcon | P30: 30 | Q30: 5 | R30: 4.3 | S30: 0.17 | T30: ▼1
A31: Princess Peach | B31: 9 | C31: 0 | D31: 4.44 | E31: 0 | H31: Incineroar | I31: 7 | J31: 1 | K31: 4.43 | L31: 0.14 | M31: ▲7 | O31: Mewtwo | P31: 3 | Q31: 0 | R31: 4.33 | S31: 0 | T31: ▼1
A32: Cloud | B32: 11 | C32: 2 | D32: 4.45 | E32: 0.18 | H32: Princess Peach | I32: 9 | J32: 0 | K32: 4.44 | L32: 0 | M32: ▼1 | O32: Lucas | P32: 3 | Q32: 0 | R32: 4.33 | S32: 0 | T32: New Mid
A33: Joker | B33: 8 | C33: 2 | D33: 4.5 | E33: 0.25 | H33: Cloud | I33: 11 | J33: 2 | K33: 4.45 | L33: 0.18 | M33: ▼1 | O33: Incineroar | P33: 7 | Q33: 1 | R33: 4.43 | S33: 0.14 | T33: ▼2
A34: Luigi | B34: 7 | C34: 0 | D34: 4.57 | E34: 0 | H34: Joker | I34: 8 | J34: 2 | K34: 4.5 | L34: 0.25 | M34: ▼1 | O34: Princess Peach | P34: 9 | Q34: 0 | R34: 4.44 | S34: 0 | T34: ▼2
A35: Mr. Game & Watch | B35: 7 | C35: 0 | D35: 4.57 | E35: 0 | H35: Luigi | I35: 7 | J35: 0 | K35: 4.57 | L35: 0 | M35: ▼1 | O35: Cloud | P35: 11 | Q35: 2 | R35: 4.45 | S35: 0.18 | T35: ▼2
A36: R.O.B. | B36: 10 | C36: 0 | D36: 4.6 | E36: 0 | H36: Mr. Game & Watch | I36: 7 | J36: 0 | K36: 4.57 | L36: 0 | M36: ▼1 | O36: Joker | P36: 8 | Q36: 2 | R36: 4.5 | S36: 0.25 | T36: ▼2
A37: Jigglypuff | B37: 13 | C37: 0 | D37: 4.62 | E37: 0 | H37: R.O.B. | I37: 10 | J37: 0 | K37: 4.6 | L37: 0 | M37: ▼1 | O37: Mr. Game & Watch | P37: 7 | Q37: 0 | R37: 4.57 | S37: 0 | T37: ▼1
A38: Incineroar | B38: 6 | C38: 1 | D38: 4.67 | E38: 0.17 | H38: Jigglypuff | I38: 13 | J38: 0 | K38: 4.62 | L38: 0 | M38: ▼1 | O38: R.O.B. | P38: 10 | Q38: 0 | R38: 4.6 | S38: 0 | T38: ▼1
A39: Yoshi | B39: 12 | C39: 1 | D39: 4.67 | E39: 0.08 | H39: Yoshi | I39: 12 | J39: 1 | K39: 4.67 | L39: 0.08 | O39: Jigglypuff | P39: 13 | Q39: 0 | R39: 4.62 | S39: 0 | T39: ▼1
A40: Ike | B40: 3 | C40: 0 | D40: 4.67 | E40: 0 | H40: Ike | I40: 3 | J40: 0 | K40: 4.67 | L40: 0 | O40: Yoshi | P40: 12 | Q40: 1 | R40: 4.67 | S40: 0.08 | T40: ▼1
A41: Pokemon Trainer | B41: 3 | C41: 0 | D41: 4.67 | E41: 0 | F41: New Mid | H41: Pokemon Trainer | I41: 3 | J41: 0 | K41: 4.67 | L41: 0 | O41: Ike | P41: 3 | Q41: 0 | R41: 4.67 | S41: 0 | T41: ▼1
A42: Ness | B42: 15 | C42: 1 | D42: 4.73 | E42: 0.07 | F42: ▼1 | H42: Dr. Mario | I42: 3 | J42: 1 | K42: 4.67 | L42: 0 | M42: New Mid | O42: Pokemon Trainer | P42: 3 | Q42: 0 | R42: 4.67 | S42: 0 | T42: ▼1
A43: Banjo-Kazooie | B43: 5 | C43: 0 | D43: 4.8 | E43: 0 | F43: ▼1 | H43: Ness | I43: 15 | J43: 1 | K43: 4.73 | L43: 0.07 | M43: ▼1 | O43: Dr. Mario | P43: 3 | Q43: 1 | R43: 4.67 | S43: 0 | T43: ▼1
A44: Meta Knight | B44: 19 | C44: 1 | D44: 4.89 | E44: 0.05 | F44: ▼1 | H44: Banjo-Kazooie | I44: 5 | J44: 0 | K44: 4.8 | L44: 0 | M44: ▼1 | O44: Ness | P44: 15 | Q44: 1 | R44: 4.73 | S44: 0.07 | T44: ▼1
A45: Greninja | B45: 5 | C45: 1 | D45: 5 | E45: 0.2 | F45: ▼1 | H45: Greninja | I45: 5 | J45: 1 | K45: 5 | L45: 0.2 | O45: Luigi | P45: 8 | Q45: 0 | R45: 4.75 | S45: 0 | T45: ▼10💀💀
A46: King K Rool | B46: 10 | C46: 1 | D46: 5 | E46: 0.1 | F46: ▼1 | H46: King K Rool | I46: 10 | J46: 1 | K46: 5 | L46: 0.1 | O46: Banjo-Kazooie | P46: 5 | Q46: 0 | R46: 4.8 | S46: 0 | T46: ▼2
A47: Pac Man | B47: 3 | C47: 0 | D47: 5 | E47: 0 | F47: ▼1 | H47: Pac Man | I47: 3 | J47: 0 | K47: 5 | L47: 0 | O47: Greninja | P47: 5 | Q47: 1 | R47: 5 | S47: 0.2 | T47: ▼2
A48: Pichu | B48: 6 | C48: 1 | D48: 5 | E48: 0.17 | F48: ▲21🚀🚀🚀🚀🚀 | H48: Pichu | I48: 6 | J48: 1 | K48: 5 | L48: 0.17 | O48: King K Rool | P48: 10 | Q48: 1 | R48: 5 | S48: 0.1 | T48: ▼2
A49: Snake | B49: 9 | C49: 1 | D49: 5.11 | E49: 0.11 | F49: ▼2 | H49: Meta Knight | I49: 20 | J49: 1 | K49: 5.05 | L49: 0.05 | M49: ▼5 | O49: Pac Man | P49: 3 | Q49: 0 | R49: 5 | S49: 0 | T49: ▼2
A50: Ridley | B50: 6 | C50: 1 | D50: 5.17 | E50: 0.17 | F50: ▼2 | H50: Snake | I50: 9 | J50: 1 | K50: 5.11 | L50: 0.11 | M50: ▼1 | O50: Pichu | P50: 6 | Q50: 1 | R50: 5 | S50: 0.17 | T50: ▼2
A51: Donkey Kong | B51: 30 | C51: 3 | D51: 5.23 | E51: 0.1 | F51: ▼2 | H51: Ridley | I51: 6 | J51: 1 | K51: 5.17 | L51: 0.17 | M51: ▼1 | O51: Meta Knight | P51: 20 | Q51: 1 | R51: 5.05 | S51: 0.05 | T51: ▼2
A52: Pikachu | B52: 8 | C52: 0 | D52: 5.25 | E52: 0 | F52: ▼2 | H52: Donkey Kong | I52: 30 | J52: 3 | K52: 5.23 | L52: 0.1 | M52: ▼1 | O52: Snake | P52: 9 | Q52: 1 | R52: 5.11 | S52: 0.11 | T52: ▼2
A53: Roy | B53: 4 | C53: 0 | D53: 5.25 | E53: 0 | F53: ▼2 | H53: Pikachu | I53: 8 | J53: 0 | K53: 5.25 | L53: 0 | M53: ▼1 | O53: Ridley | P53: 6 | Q53: 1 | R53: 5.17 | S53: 0.17 | T53: ▼2
A54: Ganondorf | B54: 26 | C54: 3 | D54: 5.31 | E54: 0.12 | F54: ▼2 | H54: Roy | I54: 4 | J54: 0 | K54: 5.25 | L54: 0 | M54: ▼1 | O54: Donkey Kong | P54: 30 | Q54: 3 | R54: 5.23 | S54: 0.1 | T54: ▼2
A55: Richter | B55: 3 | C55: 0 | D55: 5.33 | E55: 0 | F55: ▼2 | H55: Young Link | I55: 4 | J55: 1 | K55: 5.25 | L55: 0.25 | M55: New Trash | O55: Pikachu | P55: 8 | Q55: 0 | R55: 5.25 | S55: 0 | T55: ▼2
A56: Simon | B56: 3 | C56: 0 | D56: 5.33 | E56: 0 | F56: ▼2 | H56: Ganondorf | I56: 26 | J56: 3 | K56: 5.31 | L56: 0.12 | M56: ▼2 | O56: Roy | P56: 4 | Q56: 0 | R56: 5.25 | S56: 0 | T56: ▼2
A57: Daisy | B57: 3 | C57: 0 | D57: 5.33 | E57: 0 | F57: ▼2 | H57: Richter | I57: 3 | J57: 0 | K57: 5.33 | L57: 0 | M57: ▼2 | O57: Young Link | P57: 4 | Q57: 1 | R57: 5.25 | S57: 0.25 | T57: ▼2
A58: Pyra/Mythra | B58: 3 | C58: 0 | D58: 5.33 | E58: 0 | F58: ▼2 | H58: Simon | I58: 3 | J58: 0 | K58: 5.33 | L58: 0 | M58: ▼2 | O58: Ganondorf | P58: 26 | Q58: 3 | R58: 5.31 | S58: 0.12 | T58: ▼2
A59: Sheik | B59: 3 | C59: 0 | D59: 5.33 | E59: 0 | F59: ▼2 | H59: Daisy | I59: 3 | J59: 0 | K59: 5.33 | L59: 0 | M59: ▼2 | O59: Richter | P59: 3 | Q59: 0 | R59: 5.33 | S59: 0 | T59: ▼2
A60: Little Mac | B60: 3 | C60: 0 | D60: 5.33 | E60: 0 | F60: New Trash | H60: Pyra/Mythra | I60: 3 | J60: 0 | K60: 5.33 | L60: 0 | M60: ▼2 | O60: Simon | P60: 3 | Q60: 0 | R60: 5.33 | S60: 0 | T60: ▼2
... A74: Ken | B74: 9 | C74: 0 | D74: 6.11 | E74: 0 | F74: ▼2 | H74: Zero Suit Samus | I74: 5 | J74: 0 | K74: 5.8 | L74: 0 | M74: ▼2 | O74: Diddy Kong | P74: 3 | Q74: 1 | R74: 5.67 | S74: 0.33 | T74: ▼4
H75: Ice-Climbers | I75: 3 | J75: 0 | K75: 6 | L75: 0 | M75: ▼2 | O75: Bowser | P75: 4 | Q75: 0 | R75: 5.75 | S75: 0 | T75: ▼3
H76: Ken | I76: 9 | J76: 0 | K76: 6.11 | L76: 0 | M76: ▼2 | O76: Rosalina | P76: 4 | Q76: 0 | R76: 5.75 | S76: 0 | T76: ▼3
O77: Fox | P77: 11 | Q77: 1 | R77: 5.82 | S77: 0.09 | T77: ▼6
O78: Ice-Climbers | P78: 3 | Q78: 0 | R78: 6 | S78: 0 | T78: ▼3
O79: Ken | P79: 9 | Q79: 0 | R79: 6.11 | S79: 0 | T79: ▼3

Sheet Sheet3
A1: 44955 | B1: 44973 | C1: 44994 | D1: 45008 | E1: 45008 | F1: 45010 | G1: 45015 | H1: 45022 | I1: 45029 | J1: 45038 | K1: 45038 | L1: 45043 | M1: 45050 | N1: 45051 | O1: 45051 | P1: 45051 | Q1: 45057 | R1: 45057 | S1: 45059 | T1: 45059 | U1: 45059 | V1: 45059 | W1: 45059 | X1: 45064 | Y1: 45066 | Z1: 45066 | AA1: 45071 | AB1: 45078 | AC1: 45080 | AD1: 45080 | AE1: 45085 | AF1: 45087 | AG1: 45087 | AH1: 45092 | AI1: 45092 | AJ1: 45092
A2: Mega Man | B2: Captain Falcon | C2: Captain Falcon | D2: Kirby | E2: Captain Falcon | F2: King Dedede | G2: Wario | H2: King Dedede | I2: Sonic | J2: Villager | K2: Cloud | L2: Donkey Kong | M2: Corrin | N2: Ganondorf | O2: Corrin | P2: King Dedede | Q2: Donkey Kong | R2: King K Rool | S2: Ridley | T2: Yoshi | U2: Cloud | V2: Kirby | W2: Kirby | X2: Marth | Y2: Captain Falcon | Z2: Incineroar | AA2: Greninja | AB2: Villager | AC2: Ness | AD2: Diddy Kong | AE2: King Dedede | AF2: King Dedede | AG2: Samus | AH2: Snake | AI2: King Dedede | AJ2: Link
A3: Meta Knight | B3: Dark Pit | C3: Captain Falcon | D3: Corrin | E3: Luigi | F3: Mega Man | G3: Jigglypuff | H3: Corrin | I3: Mega Man | J3: Donkey Kong | K3: Meta Knight | L3: Corrin | M3: Jigglypuff | N3: Kirby | O3: Mario | P3: Samus | Q3: Corrin | R3: Palutena | S3: Pikachu | T3: Yoshi | U3: Ness | V3: Mii Swordfighter | W3: Princess Peach | X3: Rosalina | Y3: R.O.B. | Z3: Falco | AA3: Mario | AB3: Captain Falcon | AC3: Corrin | AD3: Corrin | AE3: Falco | AF3: Inkling | AG3: Samus | AH3: Captain Falcon | AI3: Bayonetta | AJ3: Captain Falcon
A4: Zelda | B4: Kirby | C4: Sonic | D4: Meta Knight | E4: Corrin | F4: Kirby | G4: Mewtwo | H4: Wario | I4: Greninja | J4: King Dedede | K4: King Dedede | L4: Corrin | M4: King K Rool | N4: Corrin | O4: Meta Knight | P4: Kirby | Q4: Duck Hunt | R4: King Dedede | S4: Mario | T4: Corrin | U4: Ganondorf | V4: Palutena | W4: Link | X4: R.O.B. | Y4: Richter | Z4: Shulk | AA4: King Dedede | AB4: Mario | AC4: Meta Knight | AD4: R.O.B. | AE4: Snake | AF4: Bayonetta | AG4: King Dedede | AH4: King Dedede | AI4: Ness | AJ4: Ryu
A5: Yoshi | B5: Donkey Kong | C5: Corrin | D5: Dark Samus | E5: Donkey Kong | F5: Samus | G5: Pikachu | H5: Donkey Kong | I5: Ridley | J5: Meta Knight | K5: Jigglypuff | L5: King Dedede | M5: King Dedede | N5: King K Rool | O5: Kirby | P5: Falco | Q5: Captain Falcon | R5: Duck Hunt | S5: King Dedede | T5: Yoshi | U5: Mewtwo | V5: Corrin | W5: Corrin | X5: King Dedede | Y5: Villager | Z5: Captain Falcon | AA5: Corrin | AB5: Ness | AC5: Kirby | AD5: Falco | AE5: Incineroar | AF5: Ness | AG5: Fox | AH5: Bowser | AI5: Wolf | AJ5: King Dedede
A6: Little Mac | B6: Rosalina | C6: King Dedede | D6: Captain Falcon | E6: Samus | F6: Donkey Kong | G6: Pichu | H6: Ken | I6: Ganondorf | J6: Ridley | K6: Luigi | L6: Bowser | M6: Cloud | N6: Donkey Kong | O6: Ganondorf | P6: Meta Knight | Q6: Corrin | R6: Captain Falcon | S6: Sonic | T6: Villager | U6: King Dedede | V6: Yoshi | W6: Donkey Kong | X6: Link | Y6: Ganondorf | Z6: Donkey Kong | AA6: Incineroar | AB6: Corrin | AC6: R.O.B. | AD6: Meta Knight | AE6: R.O.B. | AF6: Samus | AG6: Ness | AH6: Ness | AI6: Ken | AJ6: Mario
A7: Pac Man | B7: Mega Man | C7: Roy | D7: Dr. Mario | E7: Yoshi | F7: Yoshi | G7: Bowser | H7: Captain Falcon | I7: Captain Falcon | J7: Yoshi | K7: Donkey Kong | L7: Ganondorf | M7: Donkey Kong | N7: Mewtwo | O7: Pikachu | P7: Donkey Kong | Q7: King K Rool | R7: Donkey Kong | S7: Ganondorf | T7: Roy | U7: Donkey Kong | V7: Mario | W7: Yoshi | X7: Kirby | Y7: Fox | Z7: Greninja | AA7: Ridley | AB7: Corrin | AC7: Luigi | AD7: Ness | AE7: Ness | AF7: Bowser Jr. | AG7: Mario | AH7: Bayonetta | AI7: Snake | AJ7: Inkling
A8: Donkey Kong | B8: King K Rool | C8: Donkey Kong | D8: Donkey Kong | E8: Princess Peach | F8: Meta Knight | G8: Meta Knight | H8: Simon | I8: King K Rool | J8: Inkling | K8: Pikachu | L8: Mega Man | M8: Wolf | N8: King Dedede | O8: Jigglypuff | P8: King K Rool | Q8: Palutena | R8: Corrin | S8: Donkey Kong | T8: Donkey Kong | U8: Pikachu | V8: Villager | W8: Ganondorf | X8: Wolf | Y8: Donkey Kong | Z8: Corrin | AA8: Iceclimbers | AB8: Kirby | AC8: Ryu | AD8: Ridley | AE8: Captain Falcon | AF8: Mario | AG8: Simon | AH8: Mario | AI8: Shulk | AJ8: Bayonetta
A9: Sonic | B9: Zelda | C9: Ridley | D9: Fox | E9: Ness | F9: Ganondorf | G9: Donkey Kong | H9: King K Rool | I9: King Dedede | J9: Pikachu | K9: Yoshi | L9: Captain Falcon | M9: Ike | N9: Cloud | O9: Ken | P9: Cloud | Q9: King Dedede | R9: Corrin | S9: Samus | T9: Jigglypuff | U9: Kirby | V9: Corrin | W9: Jigglypuff | X9: Captain Falcon | Y9: Mario | Z9: Fox | AA9: Rosalina | AB9: R.O.B. | AC9: Mario | AD9: Fox | AE9: Rosalina | AF9: Richter | AG9: Jigglypuff | AH9: Sheik | AI9: Captain Falcon | AJ9: Snake
A12: 45094 | B12: 45099 | C12: 45101 | D12: 45106 | E12: 45108 | F12: 45115 | G12: 45115 | H12: 45115 | I12: 45115 | J12: 45115 | K12: 45120 | L12: 45120 | M12: 45134 | N12: 45134 | O12: 45136 | P12: 45136 | Q12: 45141 | R12: 45148 | S12: 45148 | T12: 45148 | U12: 45150 | V12: 45150 | W12: 45162 | X12: 45169 | Y12: 45176 | Z12: 45183 | AA12: 45185 | AB12: 45185 | AC12: 45197 | AD12: 45199 | AE12: 45204 | AF12: 45205 | AG12: 45205 | AH12: 45205 | AI12: 45206 | AJ12: 45206 | AK12: 45206 | AL12: 45206 | AM12: 45206
A13: Isabelle | B13: King Dedede | C13: Isabelle | D13: Joker | E13: King Dedede | F13: Samus | G13: King Dedede | H13: Ganondorf | I13: Ganondorf | J13: Villager | K13: King Dedede | L13: Bayonetta | M13: Captain Falcon | N13: Byleth | O13: Samus | P13: King Dedede | Q13: Donkey Kong | R13: Lucario | S13: Villager | T13: Villager | U13: Samus | V13: Samus | W13: Terry | X13: Samus | Y13: Terry | Z13: Villager | AA13: Kazuya | AB13: Sephiroth | AC13: Wolf | AD13: Byleth | AE13: Fox | AF13: Samus | AG13: Lucario | AH13: Meta Knight | AI13: Byleth | AJ13: Isabelle | AK13: Mega Man | AL13: Byleth | AM13: Zelda
A14: Toon Link | B14: Corrin | C14: Cloud | D14: King Dedede | E14: Captain Falcon | F14: King K. Rool | G14: Samus | H14: Snake | I14: Jigglypuff | J14: Cloud | K14: Bayonetta | L14: Link | M14: Ganondorf | N14: Bayonetta | O14: Kirby | P14: Captain Falcon | Q14: Toon Link | R14: Villager | S14: Samus | T14: Banjo-Kazooie | U14: Byleth | V14: Byleth | W14: Hero | X14: Mr. Game & Watch | Y14: Jigglypuff | Z14: Samus | AA14: Samus | AB14: Byleth | AC14: Villager | AD14: Piranha Plant | AE14: Simon | AF14: Piranha Plant | AG14: Jigglypuff | AH14: Yoshi | AI14: Daisy | AJ14: Mega Man | AK14: Lucario | AL14: Pikachu | AM14: Lucario
A15: Sheik | B15: Kirby | C15: Samus | D15: Corrin | E15: R.O.B. | F15: Lucario | G15: Princess Peach | H15: Falco | I15: Captain Falcon | J15: Samus | K15: Joker | L15: King Dedede | M15: Bayonetta | N15: Terry | O15: Wii Fit Trainer | P15: Ken | Q15: King Dedede | R15: Mega Man | S15: Mega Man | T15: Samus | U15: Pokemon Trainer | V15: Kazuya | W15: Samus | X15: Byleth | Y15: Samus | Z15: Marth | AA15: Lucario | AB15: Hero | AC15: Ness | AD15: Lucario | AE15: Terry | AF15: Mega Man | AG15: Wii Fit Trainer | AH15: Roy | AI15: Samus | AJ15: Donkey Kong | AK15: Samus | AL15: Samus | AM15: Marth
A16: Inkling | B16: Olimar | C16: R.O.B. | D16: Ice-Climbers | E16: Bayonetta | F16: Captain Falcon | G16: King Dedede | H16: Princess Peach | I16: Princess Peach | J16: Kirby | K16: Banjo-Kazooie | L16: Pichu | M16: Corrin | N16: Fox | O16: Ganondorf | P16: Meta Knight | Q16: Sephiroth | R16: Samus | S16: Mr. Game & Watch | T16: Ganondorf | U16: Wario | V16: Samus | W16: Captain Falcon | X16: Fox | Y16: Dark Samus | Z16: King Dedede | AA16: Terry | AB16: King Dedede | AC16: Byleth | AD16: Pac Man | AE16: Lucario | AF16: Ike | AG16: Terry | AH16: Ness | AI16: Villager | AJ16: Mario | AK16: Zelda | AL16: Luigi | AM16: Pokemon Trainer
A17: Mr. Game & Watch | B17: Captain Falcon | C17: Meta Knight | D17: Olimar | E17: King K. Rool | F17: Wii Fit Trainer | G17: R.O.B. | H17: Kirby | I17: Robin | J17: Toon Link | K17: Kirby | L17: Kirby | M17: Olimar | N17: Olimar | O17: Ryu | P17: Pichu | Q17: Kirby | R17: King Dedede | S17: Steve | T17: Steve | U17: King Dedede | V17: Mega Man | W17: Ganondorf | X17: Joker | Y17: Villager | Z17: Ganondorf | AA17: Piranha Plant | AB17: Luigi | AC17: Bowser Jr. | AD17: Hero | AE17: Samus | AF17: Richter | AG17: Ken | AH17: Pac Man | AI17: Terry | AJ17: Samus | AK17: Mario | AL17: Villager | AM17: Meta Knight
A18: King Dedede | B18: Snake | C18: Yoshi | D18: Bayonetta | E18: Cloud | F18: Robin | G18: Cloud | H18: Cloud | I18: Greninja | J18: Snake | K18: Incineroar | L18: Corrin | M18: Samus | N18: Ganondorf | O18: King Dedede | P18: Zero Suit Samus | Q18: Terry | R18: Roy | S18: Ganondorf | T18: Mega Man | U18: Bowser Jr. | V18: Byleth | W18: Piranha Plant | X18: Terry | Y18: Incineroar | Z18: Dark Samus | AA18: King Dedede | AB18: Ganondorf | AC18: Terry | AD18: King Dedede | AE18: Kirby | AF18: Terry | AG18: Dark Samus | AH18: Bayonetta | AI18: Lucario | AJ18: Daisy | AK18: Ness | AL18: Greninja | AM18: Zero Suit Samus
A19: Donkey Kong | B19: Jigglypuff | C19: Captain Falcon | D19: Snake | E19: Meta Knight | F19: Corrin | G19: Kirby | H19: Meta Knight | I19: Zero Suit Samus | J19: Ganondorf | K19: Pichu | L19: Banjo-Kazooie | M19: Snake | N19: Ice-Climbers | O19: Captain Falcon | P19: Kirby | Q19: Falco | R19: Bayonetta | S19: King Dedede | T19: King Dedede | U19: Samus | V19: Min Min | W19: King Dedede | X19: Captain Falcon | Y19: King Dedede | Z19: Simon | AA19: Sephiroth | AB19: Ken | AC19: Samus | AD19: Steve | AE19: King Dedede | AF19: Lucario | AG19: Mega Man | AH19: Villager | AI19: Ness | AJ19: Meta Knight | AK19: Corrin | AL19: Mii Gunner | AM19: Ganondorf
A20: Wario | B20: Joker | C20: Corrin | D20: Wolf | E20: Kirby | F20: Villager | G20: Ganondorf | H20: King Dedede | I20: Samus | J20: Olimar | K20: Fox | L20: Ganondorf | M20: Villager | N20: King Dedede | O20: Link | P20: Samus | Q20: Bayonetta | R20: Ganondorf | S20: Banjo-Kazooie | T20: Sora | U20: Pyra | V20: King Dedede | W20: Toon Link | X20: Ganondorf | Y20: Byleth | Z20: Captain Falcon | AA20: Ganondorf | AB20: Samus | AC20: King Dedede | AD20: Min Min | AE20: Ness | AF20: Ken | AG20: Samus | AH20: Mario | AI20: Joker | AJ20: Pichu | AK20: Meta Knight | AL20: Donkey Kong | AM20: Daisy
A23: 45211 | B23: 45225 | C23: 45227 | D23: 45227 | E23: 45227 | F23: 45248 | G23: 45248 | H23: 45248 | I23: 45248 | J23: 45248 | K23: 45248 | O23: 45295 | P23: 45295 | Q23: 45302 | R23: 45302 | S23: 45309 | T23: 45311 | U23: 45316 | V23: 45323 | W23: 45329 | X23: 45329 | Z23: 45337 | AA23: 45337 | AB23: 45358 | AC23: 45365 | AD23: 45372 | AE23: 45372
A24: Pit | B24: Byleth | C24: Byleth | D24: Sonic | E24: Joker | F24: Wario | G24: Terry | H24: Terry | I24: Mega Man | J24: Bayonetta | K24: Terry | O24: Samus | P24: Villager | Q24: Yoshi | R24: Mega Man | S24: Villager | T24: Ness | U24: Mario | V24: Ness | W24: Byleth | X24: Byleth | Z24: Villager | AA24: Ken | AB24: Byleth | AC24: Byleth | AD24: Villager | AE24: Lucario
A25: Villager | B25: Donkey Kong | C25: Mega Man | D25: King Dedede | E25: King Dedede | F25: Villager | G25: Mega Man | H25: Byleth | I25: Luigi | J25: Piranha Plant | K25: Bayonetta | O25: Ganondorf | P25: Ganondorf | Q25: Byleth | R25: Lucas | S25: Byleth | T25: Bayonetta | U25: Samus | V25: Byleth | W25: King K Rool | X25: Pikachu | Z25: Ness | AA25: Villager | AB25: Pit | AC25: Ganondorf | AD25: Joker | AE25: Captain Falcon
A26: Ganondorf | B26: Banjo-Kazooie | C26: Marth | D26: Byleth | E26: Byleth | F26: Samus | G26: Byleth | H26: Mr. Game & Watch | I26: Samus | J26: Terry | K26: Wario | O26: Mega Man | P26: Mewtwo | Q26: Lucas | R26: Samus | S26: Bowser Jr. | T26: Princess Peach | U26: King K Rool | V26: Young Link | W26: Donkey Kong | X26: Kazuya | Z26: King K Rool | AA26: Samus | AB26: Jigglypuff | AC26: Samus | AD26: Pikachu | AE26: Pikachu
A27: Mythra | B27: Samus | C27: Donkey Kong | D27: Joker | E27: Pyra/Mythra | F27: Incineroar | G27: King Dedede | H27: Princess Peach | I27: Jigglypuff | J27: Princess Peach | K27: King Dedede | O27: Corrin | P27: Samus | Q27: Sora | R27: Dr. Mario | S27: Shulk | T27: Piranha Plant | U27: Little Mac | V27: Samus | W27: Steve | X27: Ness | Z27: Donkey Kong | AA27: Sephiroth | AB27: Samus | AC27: Little Mac | AD27: Ness | AE27: Villager
A28: Terry | B28: Terry | C28: Samus | D28: Mega Man | E28: Samus | F28: Princess Peach | G28: Duck Hunt | H28: Wario | I28: King Dedede | J28: Sheik | K28: Mr. Game & Watch | O28: Samus | P28: Diddy Kong | Q28: Samus | R28: Byleth | S28: Mega Man | T28: Dr. Mario | U28: Mega Man | V28: R.O.B. | W28: Samus | X28: King K Rool | Z28: Byleth | AA28: Ness | AB28: King K Rool | AC28: Dr. Mario | AD28: Samus | AE28: Ice Climbers
A29: Isabelle | B29: Fox | C29: Sonic | D29: Samus | E29: Sonic | F29: Terry | G29: Lucario | H29: Greninja | I29: Kazuya | J29: Mr. Game & Watch | K29: Piranha Plant | O29: Cloud | P29: Corrin | Q29: Mario | R29: Min-Min | S29: Banjo-Kazooie | T29: Meta Knight | U29: Bayonetta | V29: Kazuya | W29: Pikachu | X29: Samus | Z29: Samus | AA29: Byleth | AB29: Villager | AC29: Pit | AD29: Lucario | AE29: Ness
A30: Samus | B30: Hero | C30: Corrin | D30: Marth | E30: Shulk | F30: Mr. Game & Watch | G30: Samus | H30: Ryu | I30: Terry | J30: Byleth | K30: Princess Peach | O30: Isabelle | P30: Ken | Q30: Mega Man | R30: Bowser | S30: King K Rool | T30: Terry | U30: Terry | V30: Ken | W30: Simon | X30: Donkey Kong | Z30: Min-Min | AA30: King K Rool | AB30: Little Mac | AC30: Kirby | AD30: Rosalina | AE30: Donkey Kong
A31: Luigi | B31: Mario | C31: King Dedede | D31: Donkey Kong | E31: Donkey Kong | F31: Zero Suit Samus | G31: Bowser | H31: Samus | I31: Pit | J31: Wario | K31: Diddy Kong | O31: Little Mac | P31: Lucas | Q31: Dr. Mario | R31: Little Mac | S31: Steve | T31: Pac Man | U31: Villager | V31: Dr. Mario | W31: Ness | X31: Simon | Z31: Diddy Kong | AA31: Bowser Jr. | AB31: Donkey Kong | AC31: Bayonetta | AD31: Donkey Kong | AE31: Samus
A33: 45386 | B33: 45386 | C33: 45387 | D33: 45387 | E33: 45393 | F33: 45393 | G33: 45399 | H33: 45399 | I33: 45407 | K33: History | R33: 45409 | S33: 45409 | T33: 45409 | U33: 45414 | V33: 45414 | W33: 45421 | X33: 45421 | Y33: 45444 | Z33: 45444 | AA33: 45449 | AB33: 45449 | AC33: 45484 | AD33: 45498 | AE33: 45505 | AF33: 45505
A34: Byleth | B34: Villager | C34: Mega Man | D34: Villager | E34: Lucario | F34: Byleth | G34: Villager | H34: Pokemon Trainer | I34: Lucario | K34: 4,7,8,2,3,6,5 | R34: Kirby | S34: Byleth | T34: Samus | U34: Pikachu | V34: Mega Man | W34: Zelda | X34: Samus | Y34: Zelda | Z34: Byleth | AA34: Mii Sword Fighter | AB34: Samus | AC34: Villager | AD34: Pichu | AE34: Ness | AF34: King Dedede
A35: Lucario | B35: Jigglypuff | C35: Villager | D35: Jigglypuff | E35: Byleth | F35: Zelda | G35: Ness | H35: Palutena | I35: Kazuya | K35: 3,6,2,7,6,4,2,1,3,2,8,7,6,1,2,3,4,8,2,6,8 | R35: Pyra/Mythra | S35: Pyra/Mythra | T35: Luigi | U35: Bowser | V35: Inkling | W35: Robin | X35: Lucario | Y35: King Dedede | Z35: Zelda | AA35: Samus | AB35: Ness | AC35: Mega Man | AD35: Pokemon Trainer | AE35: Rosalina | AF35: Samus
A36: Olimar | B36: Byleth | C36: Wii Fit Trainer | D36: Mega Man | E36: Zelda | F36: Lucario | G36: Pit | H36: Kirby | I36: Sora | K36: 6,5,4,8,7,7,5 | R36: Pikachu | S36: Pikachu | T36: Byleth | U36: Ice-Climbers | V36: Steve | W36: Ness | X36: Mii Gunner | Y36: Byleth | Z36: Ness | AA36: Ness | AB36: Lucario | AC36: Pokemon Trainer | AD36: King Dedede | AE36: Mario | AF36: Pichu
A37: Toon Link | B37: Samus | C37: Ike | D37: Robin | E37: Pac Man | F37: Pac Man | G37: Pokemon Trainer | H37: Pichu | I37: Samus | K37: 6,6,5,3,8 | R37: Samus | S37: Samus | T37: Ness | U37: Ryu | V37: Pikachu | W37: Samus | X37: King K Rool | Y37: Pokemon Trainer | Z37: King Dedede | AA37: Lucario | AB37: Corrin | AC37: Samus | AD37: Zelda | AE37: Villager | AF37: Villager
A38: Mewtwo | B38: Banjo-Kazooie | C38: Byleth | D38: Palutena | E38: King K Rool | F38: Roy | G38: Bowser | H38: Hero | I38: Pikachu | K38: 1,2,2,6,3,8,2,4,1,1,1,1,1,3,3,3,2,7,5,1,5,2,2,5,2,2,1,1,5,6,1,1,1,3,5,2,1 | R38: Donkey Kong | S38: Cloud | T38: Sephiroth | U38: Samus | V38: Mii Gunner | W38: Pokemon Trainer | X38: Pokemon Trainer | Y38: Ness | Z38: Samus | AA38: Corrin | AB38: Isabelle | AC38: Corrin | AD38: Corrin | AE38: Samus | AF38: Ness
A39: Samus | B39: Lucario | C39: Pyra | D39: Pyra | E39: Ness | F39: Terry | G39: Lucario | H39: Villager | I39: Diddy Kong | K39: 1,1,2,5,1,6,6,8,4,5,8,1,4,2,7,2,8,2,5,7,2,4,3,1,7,2,4,7,8,6,2 | R39: Mega Man | S39: Luigi | T39: Mega Man | U39: Byleth | V39: Kirby | W39: Lucario | X39: Rosalina | Y39: Samus | Z39: Sheik | AA39: Ganondorf | AB39: Ganondorf | AC39: Pit | AD39: Samus | AE39: King Dedede | AF39: Meta Knight
A40: Bowser | B40: R.O.B. | C40: Cloud | D40: Wii Fit Trainer | E40: R.O.B. | F40: Piranha Plant | G40: Palutena | H40: Ness | I40: King Dedede | K40: 1 | R40: Byleth | S40: Mega Man | T40: Pichu | U40: Mii Gunner | V40: Samus | W40: Rosalina | X40: Ness | Y40: Bayonetta | Z40: Pikachu | AA40: Simon | AB40: Mii Sword Fighter | AC40: King Dedede | AD40: Mega Man | AE40: Meta Knight | AF40: Donkey Kong
A41: Marth | B41: Lucina | C41: Villager | D41: Falco | E41: Shulk | F41: Ness | G41: Duck Hunt | H41: Isabelle | I41: Ike | K41: 1,5,8,8,1,2,6,6,6,2,4,6,7 | R41: Yoshi | S41: Samus | T41: Pyra/Mythra | U41: Inkling | V41: Ryu | W41: Richter/Simon | X41: Robin | Y41: King K Rool | Z41: Sonic | AA41: Roy | AB41: Corrin | AC41: Lucario | AD41: R.O.B. | AE41: Pichu | AF41: Diddy Kong
K42: 4,2,3,2,2,3,1,3,1,2,5,7,8,3,4,8,4,7,4,5,6,2,2,2,8,3,7,6,4,7,7,1,7,4,6
K43: 2,6,8
K44: 1,8,8,5,8,6 | R44: 45540 | S44: 45542 | T44: 45542 | U44: 45542 | V44: 45542 | W44: 45542 | X44: 45542 | Y44: 45547 | Z44: 45547 | AA44: 45549
K45: 7,4,7,7,4,5,8,4,2,6,1,6,5,6,1,6,7,7,6,5,7,5,7,1,3,8,2,4,8,8,3,7,4,8,8,7 | R45: Link | S45: Ganondorf | T45: Samus | U45: Pichu | V45: Kirby | W45: Lucas | X45: Pikachu | Y45: Villager | Z45: Villager | AA45: Falco
K46: 6,7,1,8,4,5,8,5 | R46: Lucario | S46: King Dedede | T46: Princess Peach | U46: Simon | V46: Duck Hunt | W46: Princess Peach | X46: Samus | Y46: Diddy Kong | Z46: Mega Man | AA46: Lucas
K47: 3,4,5,8 | R47: Samus | S47: Ness | T47: Incineroar | U47: Toon Link | V47: Toon Link | W47: King Dedede | X47: Bayonetta | Y47: Link | Z47: Diddy Kong | AA47: Robin
K48: 4,2,4,2,3,7,8 | R48: Greninja | S48: Sonic | T48: Villager | U48: Mega Man | V48: Pichu | W48: Donkey Kong | X48: Mario | Y48: King K Rool | Z48: King K Rool | AA48: Pac Man
K49: 8,6,8,8,4,8,4,4,1,6,7 | R49: Princess Peach | S49: Lucas | T49: Mr. Game & Watch | U49: Samus | V49: Samus | W49: Ness | X49: Mr. Game & Watch | Y49: Incineroar | Z49: Bowser | AA49: King K Rool
K50: 8,6,1,5,6,3,7,5,8,1,1,7,8,2,6,4,8,6,4,5,5,8,6,7,3,2,2,2 | R50: King Dedede | S50: Princess Peach | T50: Bayonetta | U50: Zelda | V50: Wario | W50: Greninja | X50: Diddy Kong | Y50: Mega Man | Z50: Sonic | AA50: Samus
K51: 6,1,6,6,6 | R51: Ganondorf | S51: Ike | T51: Diddy Kong | U51: Kirby | V51: Mega Man | W51: Yoshi | X51: Princess Peach | Y51: Bowser | Z51: Mewtwo | AA51: King Dedede
K52: 2,3,5,7,5 | R52: Diddy Kong | S52: Greninja | T52: Pikachu | U52: Wario | V52: Zelda | W52: Ganondorf | X52: Wario | Y52: Mewtwo | Z52: Link | AA52: Mega Man
K53: 7,4,7,5
K54: 8,4,2,4,8
K55: 1,5,4,6,6,4,3
K56: 2,6,4 | V56: 45552 | W56: 45552 | X56: 45554 | Y56: 45554 | Z56: 45559 | AA56: 45559 | AB56: 45561 | AC56: 45561
K57: 1,1,1,6,4,3,7,7,8 | V57: King K Rool | W57: Villager | X57: Samus | Y57: Sonic | Z57: Mega Man | AA57: Terry | AB57: Mega Man | AC57: Mega Man
K58: 2,4,2,7,8,8,8,7,2,2,2,4,4,3,2,2 | V58: Villager | W58: Little Mac | X58: Hero | Y58: Meta Knight | Z58: King K Rool | AA58: Zelda | AB58: Mr. Game & Watch | AC58: Wolf
K59: 8,1,3,5,8,4,1,6,2 | V59: Bowser | W59: Mega Man | X59: Terry | Y59: King Dedede | Z59: Bayonetta | AA59: Bowser | AB59: Terry | AC59: King K Rool
K60: 3,1,6,6,3,2 | V60: Toon Link | W60: Jigglypuff | X60: Captain Falcon | Y60: Samus | Z60: Wii Fit Trainer | AA60: Bayonetta | AB60: King K Rool | AC60: Olimar
K61: 8,5,3,7,8,5,7,5,7,7,7,1 | V61: Little Mac | W61: Pikachu | X61: Diddy Kong | Y61: Ganondorf | Z61: Villager | AA61: King K Rool | AB61: Meta Knight | AC61: King Dedede
K62: 5,1,1,8,3,3,4,4,7,1,8,3,4,5,4,3,1,1,3,3,1,4,6,1,2,1,1,4,8,1,3,8,6,1,3,5,7,7,5,8,7,7,4,6,4,8,6,7,8,2,2,4,5,4,1,7,5,3,4,5,1,7 | V62: Ganondorf | W62: King K Rool | X62: King Dedede | Y62: Mewtwo | Z62: Bowser | AA62: Mega Man | AB62: King Dedede | AC62: Meta Knight
K63: 7,8,7,3,4,7,6,1,5,2,7,3,2,5,3,7,5,5 | V63: Mega Man | W63: Bowser | X63: Zero Suit Samus | Y63: Zero Suit Samus | Z63: R.O.B. | AA63: Wii Fit Trainer | AB63: Wolf | AC63: Dark Pit
K64: 3,1,3,2,4,3,8,1,1,6,7,4,3,8,7,5,4,5,5,2,7,5,6,3,7,3 | V64: Mewtwo | W64: Ganondorf | X64: Ganondorf | Y64: Diddy Kong | Z64: Terry | AA64: Ness | AB64: Ness | AC64: Ness
K65: 3,5,1,2,8,6
K66: 5,3,8,8,8,4,7,4
K67: 3,1,3,3,4,7,1,6,2,2,6,6,1,2,6,1,3,6,1 | R67: 45568 | S67: 45569 | T67: 45570 | U67: 45570 | V67: 45570 | X67: 45575 | Y67: 45575 | Z67: 45580 | AA67: 45580 | AB67: 45582 | AC67: 45582 | AD67: 45587 | AE67: 45587
K68: 6,4,3,8,3,2 | R68: Ice Climbers | S68: Olimar | T68: Yoshi | U68: Villager | V68: Wii Fit Trainer | X68: Sora | Y68: Steve | Z68: Bowser | AA68: Bowser | AB68: Samus | AC68: Ness | AD68: Mega Man | AE68: Wii Fit Trainer
K69: 8 | R69: Piranha Plant | S69: Link | T69: Pit | U69: Bayonetta | V69: Inkling | X69: Ness | Y69: Ness | Z69: Incineroar | AA69: Incineroar | AB69: Mega Man | AC69: Samus | AD69: King Dedede | AE69: Bayonetta
K70: 2,5,6,5,4,8,2,6 | R70: Diddy Kong | S70: Captain Falcon | T70: Young Link | U70: Samus | V70: Ganondorf | X70: Wario | Y70: Wii Fit Trainer | Z70: Link | AA70: Fox | AB70: King Dedede | AC70: Yoshi | AD70: Bayonetta | AE70: Captain Falcon
K71: 2,3,6,8,2,3,8,7,6,7,5,8,4,5,8,4,6,1 | R71: Ness | S71: Mega Man | T71: Greninja | U71: Olimar | V71: Young Link | X71: Inkling | Y71: Meta Knight | Z71: Young Link | AA71: Mega Man | AB71: Mr. Game & Watch | AC71: Wii Fit Trainer | AD71: Bowser | AE71: Bowser
K72: 1,3,3,3,7,8 | R72: Villager | S72: Ice Climbers | T72: Little Mac | U72: Ness | V72: Mega Man | X72: Meta Knight | Y72: Inkling | Z72: Fox | AA72: Ike | AB72: Ness | AC72: Sonic | AD72: Pikachu | AE72: Mega Man
K73: 1,6,2,2,7,3,3,6,5,3,7,2,1,2,5,2,1,2,3,3,2,3,7,1,5,5,1,3 | R73: Mewtwo | S73: Shulk | T73: Fox | U73: Pichu | V73: Little Mac | X73: Steve | Y73: King Dedede | Z73: Villager | AA73: Young Link | AB73: Diddy Kong | AC73: Mega Man | AD73: Lucario | AE73: Lucario
K74: 2,3,7,7,4,2,3,5,3,5,5,7,7,4,1,7,8,5,8,8,6 | R74: Inkling | S74: Incineroar | T74: Mega Man | U74: Incineroar | V74: Incineroar | X74: King Dedede | Y74: Mario | Z74: Richter/Simon | AA74: Villager | AB74: Ice-Climbers | AC74: Bayonetta | AD74: Captain Falcon | AE74: Pikachu
K75: 3,6,4,3,5 | R75: King Dedede | S75: Ness | T75: Corrin | U75: Jigglypuff | V75: Corrin | X75: Joker | Y75: Joker | Z75: Mega Man | AA75: Link | AB75: Yoshi | AC75: King Dedede | AD75: Wii Fit Trainer | AE75: Mii Sword Fighter
K76: 2
K77: 7,3 | R77: 45594 | S77: 45594 | T77: 45596 | U77: 45596 | W77: 45603 | X77: 45603 | Y77: 45608 | Z77: 45608 | AA77: 45610 | AB77: 45610 | AC77: 45612 | AD77: 45612 | AE77: 45612
K78: 2,2,8 | R78: Samus | S78: Chrom | T78: Lucas | U78: Ness | W78: Diddy Kong | X78: Hero | Y78: Banjo-Kazooie | Z78: Piranha Plant | AA78: Samus | AB78: Pikachu | AC78: Zelda | AD78: King Dedede | AE78: Piranha Plant
K79: 7,8,6,7 | R79: Chrom | S79: Samus | T79: Ness | U79: Meta Knight | W79: Pikachu | X79: Samus | Y79: Wii Fit Trainer | Z79: Kirby | AA79: Zelda | AB79: Ness | AC79: Luigi | AD79: Pikachu | AE79: Pikachu
K80: 5,4,2,7,3,6,5 | R80: Mega Man | S80: Wii Fit Trainer | T80: Mega Man | U80: Lucas | W80: Inkling | X80: Pikachu | Y80: Samus | Z80: Banjo-Kazooie | AA80: Terry | AB80: Wii Fit Trainer | AC80: Lucario | AD80: Ness | AE80: Samus
K81: 8,2,4,1,5,6,4,5,5,3,3,8,4,7,6,1,1,8,4,2,5,4,6,6,8,2,7 | R81: Ice-Climbers | S81: Ice-Climbers | T81: Terry | U81: Mega Man | W81: Bayonetta | X81: Wii Fit Trainer | Y81: Villager | Z81: Villager | AA81: Banjo-Kazooie | AB81: Banjo-Kazooie | AC81: Mega Man | AD81: Piranha Plant | AE81: Banjo-Kazooie
K82: 4,5,8,5,5,3 | R82: Cloud | S82: Incineroar | T82: Meta Knight | U82: Bowser | W82: King Dedede | X82: Bowser | Y82: Hero | Z82: Bowser Jr. | AA82: Byleth | AB82: Terry | AC82: Piranha Plant | AD82: Banjo-Kazooie | AE82: Villager
K83: 6,4,5,8,4,4 | R83: Shulk | S83: King Dedede | T83: Pikachu | U83: Captain Falcon | W83: Jigglypuff | X83: King K Rool | Y83: Bowser Jr. | Z83: Wii Fit Trainer | AA83: King Dedede | AB83: King Dedede | AC83: Incineroar | AD83: Samus | AE83: Ness
K84: 7,2,3,5,7,2 | R84: King Dedede | S84: Shulk | T84: Bowser | U84: Terry | W84: Ness | X84: Ness | Y84: Simon | Z84: Bowser | AA84: Snake | AB84: Snake | AC84: Falco | AD84: Villager | AE84: King Dedede
K85: 5,7,4,5,8,1,4 | R85: Incineroar | S85: Mega Man | T85: Captain Falcon | U85: Pikachu | W85: Mii Sword Fighter | X85: King Dedede | Y85: Bowser | Z85: Samus | AA85: Ness | AB85: Dark Pit | AC85: Samus | AD85: Sheik | AE85: Sheik
K86: 4,8,7,6,2,7,2,6,6,2,3,3,5
K87: 6,5,2,2,2,6,4,7 | R87: 45612 | S87: 45612 | T87: 45612 | U87: 45615 | V87: 45615 | W87: 45622 | X87: 45622 | Y87: 45631 | Z87: 45631 | AA87: 45633 | AB87: 45633 | AC87: 45633
K88: 2,1,8,2,6,3 | R88: Isabelle | S88: Ness | T88: King Dedede | U88: Wii Fit Trainer | V88: Samus | W88: Samus | X88: Mega Man | Y88: Villager | Z88: Pit | AA88: Byleth | AB88: Ness | AC88: Palutena
K89: 3,4,7,4,1 | R89: Pikachu | S89: Sheik | T89: Samus | U89: Samus | V89: Wii Fit Trainer | W89: Villager | X89: Villager | Y89: R.O.B. | Z89: Villager | AA89: Falco | AB89: Palutena | AC89: King Dedede
K90: 7,2,3,4,4,5,4,4,7,3 | R90: Diddy Kong | S90: Banjo-Kazooie | T90: Mr. Game & Watch | U90: Dr. Mario | V90: Lucario | W90: Ike | X90: Piranha Plant | Y90: Banjo-Kazooie | Z90: Mewtwo | AA90: Lucario | AB90: Falco | AC90: Bowser Jr.
K91: 4,8,4,6,6 | R91: Jigglypuff | S91: Byleth | T91: Simon | U91: Lucario | V91: Hero | W91: Bowser | X91: Ness | Y91: Pikachu | Z91: Samus | AA91: Palutena | AB91: Byleth | AC91: Duck Hunt
K92: 3,8,5 | R92: Sonic | S92: King Dedede | T92: Terry | U92: Richter/Simon | V92: King Dedede | W92: Mega Man | X92: Samus | Y92: King Dedede | Z92: Lucas | AA92: Toon Link | AB92: Lucario | AC92: Inkling
K93: 8,4,5,1,6,7 | R93: Ken | S93: Mega Man | T93: Link | U93: King Dedede | V93: Bowser | W93: Jigglypuff | X93: Mewtwo | Y93: Samus | Z93: Piranha Plant | AA93: Duck Hunt | AB93: Zero Suit Samus | AC93: Ganondorf
K94: 3,2,8,5,3,5,4,3,5,8,5,7,7 | R94: Yoshi | S94: Pokemon Trainer | T94: Zelda | U94: Simon | V94: Simon | W94: King Dedede | X94: King Dedede | Y94: Mewtwo | Z94: R.O.B. | AA94: Ness | AB94: King Dedede | AC94: Ness
K95: 6,5,5,4 | R95: Simon | S95: Dr. Mario | T95: Captain Falcon | U95: Bowser | V95: Piranha Plant | W95: Ness | X95: Bowser | Y95: Wolf | Z95: Banjo-Kazooie | AA95: King Dedede | AB95: Hero | AC95: Ryu
K96: 5,2,8,8,7
K97: 6,6,6,3,5
K98: 7,3,5,7
K99: 4,5,4,2,8,5,1,2,3,1,2,8,3,6,1,8,4,2,3,1,7,1,4,3,1,3,4,2,6,2,8,7,5,1,6,8,3,5,3,3,7,4,5,6,5,3,7,8,3,1,2,6,5,8,7,8,2,1,1,5,4,5,3,2,4,5,6,6,3,4,3,5,8,6,4,4
K100: 4,7,1,4
K101: 8,3,5
K102: 3,7,7,4,8 | R102: 45638 | S102: 45638 | T102: 45638 | U102: 45640 | V102: 45640 | W102: 45640 | X102: 45640 | Y102: 45640 | Z102: 45640 | AB102: 45645 | AC102: 45645 | AD102: 45645
K103: 7,7,2,7,8 | R103: Wolf | S103: King Dedede | T103: Piranha Plant | U103: Villager | V103: Lucario | W103: King Dedede | X103: Byleth | Y103: King Dedede | Z103: Robin | AB103: Meta Knight | AC103: Meta Knight | AD103: King Dedede
K104: 3,1,6,8,6,7,2,6,7 | R104: Ness | S104: Pikachu | T104: King Dedede | U104: Bowser | V104: Samus | W104: Dr. Mario | X104: Samus | Y104: Rosalina | Z104: Marth | AB104: Ganondorf | AC104: Duck Hunt | AD104: Luigi
K105: 8,3,1,5,6,1,6 | R105: Villager | S105: Lucario | T105: Incineroar | U105: King Dedede | V105: Byleth | W105: Samus | X105: Rosalina | Y105: Luigi | Z105: Hero | AB105: Shulk | AC105: Shulk | AD105: Link
...

Sheet Sheet4
A1: Character | B1: Top 8's | C1: Trophies | D1: Avg Position | G1: Character | H1: Top 8's | I1: Trophies | J1: Avg Position | M1: Character | N1: Top 8's | O1: Trophies | P1: Avg Position | S1: Character | T1: Top 8's | U1: Trophies | V1: Avg Position | Y1: Character | Z1: Top 8's | AA1: Trophies | AB1: Avg Position | AE1: Character | AF1: Top 8's | AG1: Trophies | AH1: Avg Position
A2: Corrin | B2: 9 | C2: 2 | D2: 2.33 | E2: ▲1 | G2: Kirby | H2: 6 | I2: 1 | J2: 2.67 | K2: ▲1 | M2: Broken Kirby | N2: 9 | O2: 🏆🏆🏆 | P2: 2.89 | S2: Kirby | T2: 10 | U2: 🏆🏆🏆 | V2: 3.2 | Y2: Kirby | Z2: 10 | AA2: 🏆🏆🏆 | AB2: 3.2 | AE2: Falco | AF2: 3 | AG2: 0 | AH2: 3.33 | AI2: New God Tier
A3: Kirby | B3: 6 | C3: 1 | D3: 2.67 | E3: ▼1 | G3: Corrin | H3: 13 | I3: 2 | J3: 3.31 | K3: ▼1 | M3: Mega Man | N3: 5 | O3: 🏆 | P3: 3.6 | Q3: ▲1 | S3: Mega Man | T3: 5 | U3: 🏆 | V3: 3.6 | Y3: Mega Man | Z3: 5 | AA3: 🏆 | AB3: 3.6 | AE3: Kirby | AF3: 12 | AG3: 3 | AH3: 3.58 | AI3: ▼1
A4: Mega Man | B4: 5 | C4: 1 | D4: 3.6 | E4: ▲1 | G4: Mega Man | H4: 5 | I4: 1 | J4: 3.6 | M4: Corrin | N4: 17 | O4: 🏆🏆 | P4: 3.65 | Q4: ▼1 | S4: Corrin | T4: 18 | U4: 🏆🏆 | V4: 3.83 | Y4: Corrin | Z4: 19 | AA4: 🏆🏆 | AB4: 3.84 | AE4: Mega Man | AF4: 5 | AG4: 1 | AH4: 3.6 | AI4: ▼1
A5: King Dedede | B5: 10 | C5: 3 | D5: 3.7 | E5: ▼1 | G5: Samus | H5: 4 | I5: 0 | J5: 3.75 | K5: ▲2 | M5: Mario | N5: 3 | O5: 0 | P5: 3.67 | Q5: New | S5: Captain Falcon | T5: 13 | U5: 🏆🏆🏆🏆 | V5: 4 | W5: ▲1 | Y5: Captain Falcon | Z5: 13 | AA5: 🏆🏆🏆🏆 | AB5: 4 | AE5: Corrin | AF5: 23 | AG5: 2 | AH5: 3.83 | AI5: ▼1
A6: Captain Falcon | B6: 8 | C6: 3 | D6: 3.75 | G6: Jigglypuff | H6: 4 | I6: 0 | J6: 3.75 | K6: ▲2 | M6: Captain Falcon | N6: 10 | O6: 🏆🏆🏆 | P6: 3.9 | Q6: ▲1 | S6: Palutena | T6: 3 | U6: 0 | V6: 4 | W6: ▲1 | Y6: King Dedede | Z6: 16 | AA6: 🏆🏆🏆 | AB6: 4 | AC6: ▲1 | AE6: Captain Falcon | AF6: 14 | AG6: 4 | AH6: 3.86 | AI6: ▼1
A7: Samus | B7: 4 | C7: 0 | D7: 3.75 | E7: ▲2 | G7: Captain Falcon | H7: 10 | I7: 3 | J7: 3.9 | K7: ▼1 | M7: Palutena | N7: 3 | O7: 0 | P7: 4 | Q7: New | S7: King Dedede | T7: 15 | U7: 🏆🏆🏆 | V7: 4.07 | W7: ▲1 | Y7: Palutena | Z7: 3 | AA7: 0 | AB7: 4 | AC7: ▼1 | AE7: King Dedede | AF7: 16 | AG7: 3 | AH7: 4 | AI7: ▼1
A8: Jigglypuff | B8: 4 | C8: 0 | D8: 3.75 | E8: New | G8: King Dedede | H8: 12 | I8: 3 | J8: 4 | K8: ▼3 | M8: Mid Dedede | N8: 14 | O8: 🏆🏆🏆 | P8: 4.07 | S8: Meta Knight | T8: 8 | U8: 0 | V8: 4.13 | W8: ▲1 | Y8: Meta Knight | Z8: 8 | AA8: 0 | AB8: 4.13 | AE8: Palutena | AF8: 3 | AG8: 0 | AH8: 4 | AI8: ▼1
A9: Sonic | B9: 3 | C9: 1 | D9: 4 | E9: ▼2 | G9: Sonic | H9: 3 | I9: 1 | J9: 4 | M9: Meta Knight | N9: 8 | O9: 0 | P9: 4.13 | Q9: ▲1 | S9: Sonic | T9: 4 | U9: 🏆 | V9: 4.25 | W9: ▲1 | Y9: Mario | Z9: 5 | AA9: 0 | AB9: 4.2 | AC9: ▲5 | AE9: Ness | AF9: 5 | AG9: 1 | AH9: 4 | AI9: New Mid Tier
A10: Meta Knight | B10: 8 | C10: 0 | D10: 4.13 | E10: ▼2 | G10: Meta Knight | H10: 8 | I10: 0 | J10: 4.13 | M10: Sonic | N10: 4 | O10: 🏆 | P10: 4.25 | Q10: ▼1 | S10: Mewtwo | T10: 3 | U10: 0 | V10: 4.33 | W10: ▲1 | Y10: Sonic | Z10: 4 | AA10: 🏆 | AB10: 4.25 | AC10: ▼1 | AE10: Meta Knight | AF10: 10 | AG10: 0 | AH10: 4.1 | AI10: ▼2
A11: Ganondorf | B11: 4 | C11: 1 | D11: 5 | E11: New | G11: Donkey Kong | H11: 16 | I11: 2 | J11: 4.94 | K11: ▲1 | M11: Mewtwo | N11: 3 | O11: 0 | P11: 4.33 | Q11: New | S11: Ridley | T11: 4 | U11: 🏆 | V11: 4.5 | W11: ▲1 | Y11: Mewtwo | Z11: 3 | AA11: 0 | AB11: 4.33 | AC11: ▼1 | AE11: R.O.B. | AF11: 5 | AG11: 0 | AH11: 4.2 | AI11: New Mid Tier
A12: Donkey Kong | B12: 14 | C12: 1 | D12: 5.14 | E12: ▼2 | G12: Ganondorf | H12: 4 | I12: 1 | J12: 5 | K12: ▼1 | M12: Ridley | N12: 4 | O12: 🏆 | P12: 4.5 | Q12: ▲3 | S12: Samus | T12: 5 | U12: 0 | V12: 4.6 | W12: ▲1 | Y12: Samus | Z12: 5 | AA12: 0 | AB12: 4.6 | AE12: Sonic | AF12: 4 | AG12: 1 | AH12: 4.25 | AI12: ▼2
A13: Cloud | B13: 4 | C13: 1 | D13: 5.5 | E13: New | G13: King K Rool | H13: 8 | I13: 1 | J13: 5.38 | K13: ▲3 | M13: Samus | N13: 5 | O13: 0 | P13: 4.6 | Q13: ▼8💀 | S13: Cloud | T13: 5 | U13: 🏆🏆 | V13: 4.6 | W13: ▲1 | Y13: Cloud | Z13: 5 | AA13: 🏆🏆 | AB13: 4.6 | AE13: Villager | AF13: 4 | AG13: 1 | AH13: 4.25 | AI13: ▲7
A14: Ridley | B14: 3 | C14: 0 | D14: 5.67 | E14: ▼3 | G14: Cloud | H14: 4 | I14: 1 | J14: 5.5 | K14: ▼1 | M14: Cloud | N14: 5 | O14: 🏆🏆 | P14: 4.6 | S14: Mario | T14: 4 | U14: 0 | V14: 4.75 | W14: ▼9💀 | Y14: Ridley | Z14: 5 | AA14: 🏆 | AB14: 4.8 | AC14: ▼3 | AE14: Mewtwo | AF14: 3 | AG14: 0 | AH14: 4.33 | AI14: ▼3
A15: Yoshi | B15: 5 | C15: 0 | D15: 6 | E15: ▼3 | G15: Ridley | H15: 3 | I15: 0 | J15: 5.67 | K15: ▼1 | M15: Yoshi | N15: 10 | O15: 🏆 | P15: 4.8 | Q15: ▲1 | S15: Yoshi | T15: 10 | U15: 🏆 | V15: 4.8 | Y15: Yoshi | Z15: 10 | AA15: 🏆 | AB15: 4.8 | AE15: Luigi | AF15: 3 | AG15: 0 | AH15: 4.33 | AI15: New Mid Tier
A16: King K Rool | B16: 6 | C16: 0 | D16: 6 | E16: ▼2 | G16: Yoshi | H16: 5 | I16: 0 | J16: 6 | K16: ▼1 | M16: Trashdorf | N16: 7 | O16: 🏆 | P16: 5.14 | Q16: ▼4 | S16: Ganondorf | T16: 8 | U16: 🏆 | V16: 5.13 | Y16: Rosalina | Z16: 3 | AA16: 0 | AB16: 5 | AC16: New Trash | AE16: Mario | AF16: 7 | AG16: 0 | AH16: 4.57 | AI16: ▼7💀
A17: Pikachu | B17: 4 | C17: 0 | D17: 6.25 | E17: ▼4 | G17: Pikachu | H17: 4 | I17: 0 | J17: 6.25 | M17: Jigglytrash | N17: 6 | O17: 0 | P17: 5.17 | Q17: ▼11💀 | S17: Jigglypuff | T17: 6 | U17: 0 | V17: 5.17 | Y17: Ganondorf | Z17: 8 | AA17: 🏆 | AB17: 5.13 | AC17: ▼1 | AE17: Samus | AF17: 5 | AG17: 0 | AH17: 4.6 | AI17: ▼5
M18: Trash Kong | N18: 20 | O18: 🏆🏆 | P18: 5.2 | Q18: ▼7💀 | S18: Donkey Kong | T18: 22 | U18: 🏆🏆 | V18: 5.27 | Y18: Jigglypuff | Z18: 6 | AA18: 0 | AB18: 5.17 | AC18: ▼1 | AE18: Cloud | AF18: 5 | AG18: 2 | AH18: 4.6 | AI18: ▼5
M19: King K Trash | N19: 8 | O19: 🏆 | P19: 5.38 | Q19: ▼6 | S19: Villager | T19: 3 | U19: 0 | V19: 5.33 | W19: New Trash | Y19: Donkey Kong | Z19: 22 | AA19: 🏆🏆 | AB19: 5.27 | AC19: ▼1 | AE19: Yoshi | AF19: 10 | AG19: 1 | AH19: 4.8 | AI19: ▼4
M20: Trashchu | N20: 6 | O20: 0 | P20: 5.67 | Q20: ▼3 | S20: King K Rool | T20: 8 | U20: 🏆 | V20: 5.38 | W20: ▼1 | Y20: Villager | Z20: 3 | AA20: 0 | AB20: 5.33 | AC20: ▼1 | AE20: Rosatrash | AF20: 3 | AG20: 0 | AH20: 5 | AI20: ▼4
S21: Pikachu | T21: 6 | U21: 0 | V21: 5.67 | W21: ▼1 | Y21: King K Rool | Z21: 8 | AA21: 🏆 | AB21: 5.38 | AC21: ▼1 | AE21: Trashdorf | AF21: 8 | AG21: 1 | AH21: 5.13 | AI21: ▼4
S22: Fox | T22: 3 | U22: 0 | V22: 7.33 | W22: New Trash | Y22: Pikachu | Z22: 6 | AA22: 0 | AB22: 5.67 | AC22: ▼1 | AE22: Jigglytrash | AF22: 6 | AG22: 0 | AH22: 5.17 | AI22: ▼4
Y23: Fox | Z23: 3 | AA23: 0 | AB23: 7.33 | AC23: ▼1 | AE23: Trashley | AF23: 6 | AG23: 1 | AH23: 5.17 | AI23: ▼9💀
AE24: Trash Kong | AF24: 22 | AG24: 2 | AH24: 5.27 | AI24: ▼5
AE25: King K Trash | AF25: 8 | AG25: 1 | AH25: 5.38 | AI25: ▼4
AE26: Trashchu | AF26: 6 | AG26: 0 | AH26: 5.67 | AI26: ▼4
AE27: Trashiest of the Trash | AF27: 4 | AG27: 0 | AH27: 7.5 | AI27: ▼4
A31: Character | B31: Top 8's | C31: Trophies | D31: Avg Position | G31: Character | H31: Top 8's | I31: Trophies | J31: Avg Position | M31: Character | N31: Top 8's | O31: Trophies | P31: Avg Position | Q31: Trophy Rate | S31: Character | T31: Top 8's | U31: Trophies | V31: Avg Position | W31: Trophy Rate | Z31: Character | AA31: Top 8's | AB31: Trophies | AC31: Avg Position | AD31: Trophy Rate | AF31: Character | AG31: Top 8's | AH31: Trophies | AI31: Avg Position | AJ31: Trophy Rate
A32: Falco | B32: 4 | C32: 0 | D32: 3 | G32: Falco | H32: 4 | I32: 0 | J32: 3 | M32: Falco | N32: 4 | O32: 0 | P32: 3 | Q32: 0 | S32: Falco | T32: 4 | U32: 0 | V32: 3 | W32: 0 | Z32: Falco | AA32: 4 | AB32: 0 | AC32: 3 | AD32: 0 | AF32: Falco | AG32: 4 | AH32: 0 | AI32: 3 | AJ32: 0
A33: Incineroar | B33: 3 | C33: 1 | D33: 3.33 | E33: New God Tier | G33: Incineroar | H33: 3 | I33: 1 | J33: 3.33 | M33: Link | N33: 3 | O33: 1 | P33: 3 | Q33: 0.33 | R33: New | S33: Link | T33: 3 | U33: 1 | V33: 3 | W33: 0.33 | Z33: Link | AA33: 3 | AB33: 1 | AC33: 3 | AD33: 0.33 | AF33: Link | AG33: 3 | AH33: 1 | AI33: 3 | AJ33: 0.33
A34: Kirby | B34: 12 | C34: 3 | D34: 3.58 | E34: ▼1 | G34: Kirby | H34: 12 | I34: 3 | J34: 3.58 | M34: Incineroar | N34: 3 | O34: 1 | P34: 3.33 | Q34: 0.33 | R34: ▼1 | S34: Incineroar | T34: 3 | U34: 1 | V34: 3.33 | W34: 0.33 | Z34: Incineroar | AA34: 3 | AB34: 1 | AC34: 3.33 | AD34: 0.33 | AF34: Incineroar | AG34: 3 | AH34: 1 | AI34: 3.33 | AJ34: 0.33
A35: Mega Man | B35: 5 | C35: 1 | D35: 3.6 | E35: ▼1 | G35: Mega Man | H35: 5 | I35: 1 | J35: 3.6 | M35: Kirby | N35: 12 | O35: 3 | P35: 3.58 | Q35: 0.25 | R35: ▼1 | S35: King Dedede | T35: 24 | U35: 7 | V35: 3.5 | W35: 0.29 | X35: ▲2 | Z35: King Dedede | AA35: 24 | AB35: 7 | AC35: 3.5 | AD35: 0.29 | AF35: King Dedede | AG35: 26 | AH35: 8 | AI35: 3.35 | AJ35: 0.31
A36: King Dedede | B36: 17 | C36: 4 | D36: 3.82 | E36: ▲1 | G36: King Dedede | H36: 19 | I36: 5 | J36: 3.63 | M36: Mega Man | N36: 5 | O36: 1 | P36: 3.6 | Q36: 0.2 | R36: ▼1 | S36: Kirby | T36: 13 | U36: 3 | V36: 3.54 | W36: 0.23 | X36: ▼1 | Z36: Kirby | AA36: 13 | AB36: 3 | AC36: 3.54 | AD36: 0.23 | AF36: Mega Man | AG36: 5 | AH36: 1 | AI36: 3.6 | AJ36: 0.2 | AK36: ▲1
A37: Corrin | B37: 23 | C37: 2 | D37: 3.83 | E37: ▼2 | G37: Corrin | H37: 23 | I37: 2 | J37: 3.83 | M37: King Dedede | N37: 23 | O37: 6 | P37: 3.61 | Q37: 0.26 | R37: ▼1 | S37: Mega Man | T37: 5 | U37: 1 | V37: 3.6 | W37: 0.2 | X37: ▼1 | Z37: Mega Man | AA37: 5 | AB37: 1 | AC37: 3.6 | AD37: 0.2 | AF37: Samus | AG37: 9 | AH37: 1 | AI37: 3.78 | AJ37: 0.11 | AK37: ▲1
A38: Palutena | B38: 3 | C38: 0 | D38: 4 | G38: Samus | H38: 8 | I38: 1 | J38: 3.88 | K38: ▲10 | M38: Corrin | N38: 23 | O38: 2 | P38: 3.83 | Q38: 0.09 | R38: ▼1 | S38: Corrin | T38: 24 | U38: 2 | V38: 3.75 | W38: 0.08 | Z38: Samus | AA38: 9 | AB38: 1 | AC38: 3.78 | AD38: 0.11 | AE38: ▲1 | AF38: Kirby | AG38: 14 | AH38: 3 | AI38: 3.86 | AJ38: 0.21 | AK38: ▼2
A39: Captain Falcon | B39: 15 | C39: 4 | D39: 4.07 | E39: ▼3 | G39: Palutena | H39: 3 | I39: 0 | J39: 4 | K39: ▼1 | M39: Samus | N39: 8 | O39: 1 | P39: 3.88 | Q39: 0.13 | R39: ▼1 | S39: Samus | T39: 8 | U39: 1 | V39: 3.88 | W39: 0.13 | Z39: Corrin | AA39: 25 | AB39: 2 | AC39: 3.92 | AD39: 0.08 | AE39: ▼1 | AF39: Corrin | AG39: 26 | AH39: 2 | AI39: 3.88 | AJ39: 0.08
A40: Meta Knight | B40: 10 | C40: 0 | D40: 4.1 | G40: Captain Falcon | H40: 15 | I40: 4 | J40: 4.07 | K40: ▼1 | M40: Palutena | N40: 3 | O40: 0 | P40: 4 | Q40: 0 | R40: ▼1 | S40: Palutena | T40: 3 | U40: 0 | V40: 4 | W40: 0 | Z40: Palutena | AA40: 3 | AB40: 0 | AC40: 4 | AD40: 0 | AF40: Palutena | AG40: 3 | AH40: 0 | AI40: 4 | AJ40: 0
A41: Sonic | B41: 4 | C41: 1 | D41: 4.25 | E41: ▲1 | G41: Meta Knight | H41: 10 | I41: 0 | J41: 4.1 | K41: ▼1 | M41: Inkling | N41: 3 | O41: 0 | P41: 4 | Q41: 0 | R41: New | S41: Inkling | T41: 3 | U41: 0 | V41: 4 | W41: 0 | Z41: Inkling | AA41: 3 | AB41: 0 | AC41: 4 | AD41: 0 | AF41: Inkling | AG41: 3 | AH41: 0 | AI41: 4 | AJ41: 0
A42: Villager | B42: 4 | C42: 1 | D42: 4.25 | E42: ▲1 | G42: Sonic | H42: 4 | I42: 1 | J42: 4.25 | K42: ▼1 | M42: Wario | N42: 3 | O42: 1 | P42: 4 | Q42: 0.33 | R42: New | S42: Wario | T42: 3 | U42: 1 | V42: 4 | W42: 0.33 | Z42: Wario | AA42: 3 | AB42: 1 | AC42: 4 | AD42: 0.33 | AF42: Wario | AG42: 3 | AH42: 1 | AI42: 4 | AJ42: 0.33
A43: Mewtwo | B43: 3 | C43: 0 | D43: 4.33 | E43: ▲1 | G43: Villager | H43: 4 | I43: 1 | J43: 4.25 | K43: ▼1 | M43: Captain Falcon | N43: 18 | O43: 4 | P43: 4.06 | Q43: 0.22 | R43: ▼3 | S43: Meta Knight | T43: 10 | U43: 0 | V43: 4.1 | W43: 0 | X43: ▲1 | Z43: Cloud | AA43: 6 | AB43: 2 | AC43: 4.17 | AD43: 0.33 | AE43: ▲9 | AF43: R.O.B. | AG43: 8 | AH43: 0 | AI43: 4.13 | AJ43: 0 | AK43: ▲5
A44: Ness | B44: 6 | C44: 1 | D44: 4.33 | E44: ▼5 | G44: Mewtwo | H44: 3 | I44: 0 | J44: 4.33 | K44: ▼1 | M44: Meta Knight | N44: 10 | O44: 0 | P44: 4.1 | Q44: 0 | R44: ▼3 | S44: Captain Falcon | T44: 19 | U44: 4 | V44: 4.11 | W44: 0.21 | X44: ▼1 | Z44: Meta Knight | AA44: 11 | AB44: 0 | AC44: 4.18 | AD44: 0 | AE44: ▼1 | AF44: Captain Falcon | AG44: 21 | AH44: 4 | AI44: 4.14 | AJ44: 0.19 | AK44: ▲1
A45: R.O.B. | B45: 6 | C45: 0 | D45: 4.33 | E45: ▼4 | G45: R.O.B. | H45: 6 | I45: 0 | J45: 4.33 | M45: Sonic | N45: 4 | O45: 1 | P45: 4.25 | Q45: 0.25 | R45: ▼3 | S45: Sonic | T45: 4 | U45: 1 | V45: 4.25 | W45: 0.25 | Z45: Captain Falcon | AA45: 20 | AB45: 4 | AC45: 4.25 | AD45: 0.2 | AE45: ▼1 | AF45: Sonic | AG45: 4 | AH45: 1 | AI45: 4.25 | AJ45: 0.25 | AK45: ▲1
A46: Luigi | B46: 3 | C46: 0 | D46: 4.33 | E46: ▼1 | G46: Luigi | H46: 3 | I46: 0 | J46: 4.33 | M46: Villager | N46: 4 | O46: 1 | P46: 4.25 | Q46: 0.25 | R46: ▼3 | S46: Villager | T46: 4 | U46: 1 | V46: 4.25 | W46: 0.25 | Z46: Sonic | AA46: 4 | AB46: 1 | AC46: 4.25 | AD46: 0.25 | AE46: ▼1 | AF46: Villager | AG46: 4 | AH46: 1 | AI46: 4.25 | AJ46: 0.25 | AK46: ▲1
A47: Mario | B47: 7 | C47: 0 | D47: 4.57 | E47: ▼1 | G47: Ness | H47: 8 | I47: 1 | J47: 4.38 | K47: ▼3 | M47: Ness | N47: 10 | O47: 1 | P47: 4.3 | Q47: 0.1 | S47: Ness | T47: 10 | U47: 1 | V47: 4.3 | W47: 0.1 | Z47: Villager | AA47: 4 | AB47: 1 | AC47: 4.25 | AD47: 0.25 | AE47: ▼1 | AF47: Ness | AG47: 10 | AH47: 1 | AI47: 4.3 | AJ47: 0.1 | AK47: ▲2
A48: Samus | B48: 5 | C48: 0 | D48: 4.6 | E48: ▼1 | G48: Cloud | H48: 5 | I48: 2 | J48: 4.6 | K48: ▲1 | M48: Mewtwo | N48: 3 | O48: 0 | P48: 4.33 | Q48: 0 | R48: ▼4 | S48: Mewtwo | T48: 3 | U48: 0 | V48: 4.33 | W48: 0 | Z48: R.O.B. | AA48: 7 | AB48: 0 | AC48: 4.29 | AD48: 0 | AE48: ▲1 | AF48: Mewtwo | AG48: 3 | AH48: 0 | AI48: 4.33 | AJ48: 0 | AK48: ▲2
A49: Cloud | B49: 5 | C49: 2 | D49: 4.6 | E49: ▼1 | G49: Yoshi | H49: 10 | I49: 1 | J49: 4.8 | K49: ▲1 | M49: R.O.B. | N49: 6 | O49: 0 | P49: 4.33 | Q49: 0 | R49: ▼4 | S49: R.O.B. | T49: 6 | U49: 0 | V49: 4.33 | W49: 0 | Z49: Ness | AA49: 10 | AB49: 1 | AC49: 4.3 | AD49: 0.1 | AE49: ▼2 | AF49: Luigi | AG49: 3 | AH49: 0 | AI49: 4.33 | AJ49: 0 | AK49: ▲2
A50: Yoshi | B50: 10 | C50: 1 | D50: 4.8 | E50: ▼1 | G50: Trash Plumber | H50: 9 | I50: 0 | J50: 5 | K50: ▼3 | M50: Luigi | N50: 3 | O50: 0 | P50: 4.33 | Q50: 0 | R50: ▼4 | S50: Luigi | T50: 3 | U50: 0 | V50: 4.33 | W50: 0 | Z50: Mewtwo | AA50: 3 | AB50: 0 | AC50: 4.33 | AD50: 0 | AE50: ▼2 | AF50: Meta Knight | AG50: 12 | AH50: 0 | AI50: 4.42 | AJ50: 0 | AK50: ▼6
A51: Trashdorf | B51: 8 | C51: 1 | D51: 5.13 | G51: Trashdorf | H51: 8 | I51: 1 | J51: 5.13 | M51: Bayonetta | N51: 4 | O51: 0 | P51: 4.5 | Q51: 0 | R51: New | S51: Bayonetta | T51: 4 | U51: 0 | V51: 4.5 | W51: 0 | Z51: Luigi | AA51: 3 | AB51: 0 | AC51: 4.33 | AD51: 0 | AE51: ▼1 | AF51: Cloud | AG51: 7 | AH51: 2 | AI51: 4.43 | AJ51: 0.29 | AK51: ▼8💀
A52: Jigglytrash | B52: 6 | C52: 0 | D52: 5.17 | G52: Trash Lizard | H52: 6 | I52: 1 | J52: 5.17 | K52: ▲1 | M52: Snake | N52: 4 | O52: 1 | P52: 4.5 | Q52: 0.25 | R52: New | S52: Cloud | T52: 5 | U52: 2 | V52: 4.6 | W52: 0.4 | X52: ▲1 | Z52: Bayonetta | AA52: 4 | AB52: 0 | AC52: 4.5 | AD52: 0 | AE52: ▼1 | AF52: Bayonetta | AG52: 6 | AH52: 0 | AI52: 4.67 | AJ52: 0
A53: Trashley | B53: 6 | C53: 1 | D53: 5.17 | G53: Trash Kong | H53: 22 | I53: 2 | J53: 5.27 | K53: ▲1 | M53: Cloud | N53: 5 | O53: 2 | P53: 4.6 | Q53: 0.4 | R53: ▼5 | S53: Yoshi | T53: 10 | U53: 1 | V53: 4.8 | W53: 0.1 | X53: ▲1 | Z53: Snake | AA53: 5 | AB53: 1 | AC53: 4.8 | AD53: 0.2 | AE53: ▲1 | AF53: Yoshi | AG53: 11 | AH53: 1 | AI53: 4.91 | AJ53: 0.09 | AK53: ▲1
A54: Trash Kong | B54: 22 | C54: 2 | D54: 5.27 | G54: King K Trash | H54: 8 | I54: 1 | J54: 5.38 | K54: ▲1 | M54: Yoshi | N54: 10 | O54: 1 | P54: 4.8 | Q54: 0.1 | R54: ▼5 | S54: Snake | T54: 5 | U54: 1 | V54: 4.8 | W54: 0.2 | X54: ▼2 | Z54: Yoshi | AA54: 11 | AB54: 1 | AC54: 4.91 | AD54: 0.09 | AE54: ▼1 | AF54: Bowser | AG54: 3 | AH54: 0 | AI54: 5 | AJ54: 0 | AK54: ▲1
A55: King K Trash | B55: 8 | C55: 1 | D55: 5.38 | G55: Trash Puff | H55: 7 | I55: 0 | J55: 5.57 | K55: ▼3 | M55: Bowser | N55: 3 | O55: 0 | P55: 5 | Q55: 0 | R55: New | S55: Bowser | T55: 3 | U55: 0 | V55: 5 | W55: 0 | Z55: Bowser | AA55: 3 | AB55: 0 | AC55: 5 | AD55: 0 | AF55: Ganondorf | AG55: 8 | AH55: 1 | AI55: 5.13 | AJ55: 0.13 | AK55: ▲1
A56: Trash Rat | B56: 6 | C56: 0 | D56: 5.67 | G56: Trash Rat | H56: 6 | I56: 0 | J56: 5.67 | M56: Ganondorf | N56: 8 | O56: 1 | P56: 5.13 | Q56: 0.13 | R56: ▼5 | S56: Ganondorf | T56: 8 | U56: 1 | V56: 5.13 | W56: 0.13 | Z56: Ganondorf | AA56: 8 | AB56: 1 | AC56: 5.13 | AD56: 0.13 | AF56: Ridley | AG56: 6 | AH56: 1 | AI56: 5.17 | AJ56: 0.17 | AK56: ▲1
A57: Trash Lady and Trash Star | B57: 4 | C57: 0 | D57: 5.75 | E57: ▼7💀 | G57: Trash Lady and Trash Star | H57: 4 | I57: 0 | J57: 5.75 | M57: Ridley | N57: 6 | O57: 1 | P57: 5.17 | Q57: 0.17 | R57: ▼5 | S57: Ridley | T57: 6 | U57: 1 | V57: 5.17 | W57: 0.17 | Z57: Ridley | AA57: 6 | AB57: 1 | AC57: 5.17 | AD57: 0.17 | AF57: Snake | AG57: 6 | AH57: 1 | AI57: 5.17 | AJ57: 0.17 | AK57: ▼4
A58: What Does the Trash Say | B58: 4 | C58: 0 | D58: 7.5 | G58: What Does the Trash Say | H58: 5 | I58: 0 | J58: 6.8 | M58: Mario | N58: 11 | O58: 0 | P58: 5.18 | Q58: 0 | R58: ▼8💀 | S58: Mario | T58: 11 | U58: 0 | V58: 5.18 | W58: 0 | Z58: Mario | AA58: 11 | AB58: 0 | AC58: 5.18 | AD58: 0 | AF58: Mario | AG58: 11 | AH58: 0 | AI58: 5.18 | AJ58: 0
M59: Donkey Kong | N59: 23 | O59: 2 | P59: 5.35 | Q59: 0.09 | R59: ▼6 | S59: Donkey Kong | T59: 23 | U59: 2 | V59: 5.35 | W59: 0.09 | Z59: Donkey Kong | AA59: 23 | AB59: 2 | AC59: 5.35 | AD59: 0.09 | AF59: King K Rool | AG59: 9 | AH59: 1 | AI59: 5.33 | AJ59: 0.11 | AK59: ▲1
M60: King K Rool | N60: 8 | O60: 1 | P60: 5.38 | Q60: 0.13 | R60: ▼6 | S60: King K Rool | T60: 8 | U60: 1 | V60: 5.38 | W60: 0.13 | Z60: King K Rool | AA60: 8 | AB60: 1 | AC60: 5.38 | AD60: 0.13 | AF60: Donkey Kong | AG60: 23 | AH60: 2 | AI60: 5.35 | AJ60: 0.09 | AK60: ▼1
M61: Jigglypuff | N61: 7 | O61: 0 | P61: 5.57 | Q61: 0 | R61: ▼6 | S61: Pikachu | T61: 6 | U61: 0 | V61: 5.67 | W61: 0 | X61: ▲1 | Z61: Pikachu | AA61: 6 | AB61: 0 | AC61: 5.67 | AD61: 0 | AF61: Pikachu | AG61: 6 | AH61: 0 | AI61: 5.67 | AJ61: 0
M62: Pikachu | N62: 6 | O62: 0 | P62: 5.67 | Q62: 0 | R62: ▼6 | S62: Jigglypuff | T62: 8 | U62: 0 | V62: 5.75 | W62: 0 | X62: ▼1 | Z62: Jigglypuff | AA62: 8 | AB62: 0 | AC62: 5.75 | AD62: 0 | AF62: Jigglypuff | AG62: 8 | AH62: 0 | AI62: 5.75 | AJ62: 0
M63: Rosalina | N63: 4 | O63: 0 | P63: 5.75 | Q63: 0 | R63: ▼6 | S63: Rosalina | T63: 4 | U63: 0 | V63: 5.75 | W63: 0 | Z63: Rosalina | AA63: 4 | AB63: 0 | AC63: 5.75 | AD63: 0 | AF63: Rosalina | AG63: 4 | AH63: 0 | AI63: 5.75 | AJ63: 0
M64: Wolf | N64: 3 | O64: 0 | P64: 6 | Q64: 0 | R64: New | S64: Wolf | T64: 3 | U64: 0 | V64: 6 | W64: 0 | Z64: Wolf | AA64: 3 | AB64: 0 | AC64: 6 | AD64: 0 | AF64: Wolf | AG64: 4 | AH64: 0 | AI64: 6.5 | AJ64: 0
M65: Fox | N65: 5 | O65: 0 | P65: 6.8 | Q65: 0 | R65: ▼7💀 | S65: Fox | T65: 5 | U65: 0 | V65: 6.8 | W65: 0 | Z65: Fox | AA65: 5 | AB65: 0 | AC65: 6.8 | AD65: 0 | AF65: Fox | AG65: 5 | AH65: 0 | AI65: 6.8 | AJ65: 0
A68: Character | B68: Top 8's | C68: Trophies | D68: Avg Position | E68: Trophy Rate | G68: Character | H68: Top 8's | I68: Trophies | J68: Avg Position | K68: Trophy Rate | M68: Character | N68: Top 8's | O68: Trophies | P68: Avg Position | Q68: Trophy Rate | S68: Character | T68: Top 8's | U68: Trophies | V68: Avg Position | W68: Trophy Rate | Z68: Character | AA68: Top 8's | AB68: Trophies | AC68: Avg Position | AD68: Trophy Rate | AG68: Character | AH68: Top 8's | AI68: Trophies | AJ68: Avg Position | AK68: Trophy Rate | AN68: Character | AO68: Top 8's | AP68: Trophies | AQ68: Avg Position | AR68: Trophy Rate
A69: Falco | B69: 5 | C69: 0 | D69: 3 | E69: 0 | G69: Link | H69: 4 | I69: 1 | J69: 2.75 | K69: 0.25 | L69: ▲1 | M69: Falco | N69: 5 | O69: 0 | P69: 3 | Q69: 0 | R69: ▲1 | S69: Toon Link | T69: 3 | U69: 0 | V69: 3 | W69: 0 | X69: New | Z69: Byleth | AA69: 4 | AB69: 1 | AC69: 2.75 | AD69: 0.25 | AE69: New Oko | AG69: Byleth | AH69: 4 | AI69: 1 | AJ69: 2.75 | AK69: 0.25 | AN69: Byleth | AO69: 5 | AP69: 1 | AQ69: 2.8 | AR69: 0.2
A70: Link | B70: 3 | C70: 1 | D70: 3 | E70: 0.33 | G70: Falco | H70: 5 | I70: 0 | J70: 3 | K70: 0 | L70: ▼1 | M70: King Dedede | N70: 34 | O70: 11 | P70: 3.5 | Q70: 0.32 | R70: ▲1 | S70: King Dedede | T70: 35 | U70: 11 | V70: 3.43 | W70: 0.31 | Z70: Toon Link | AA70: 3 | AB70: 0 | AC70: 3 | AD70: 0 | AE70: ▼1 | AG70: Terry | AH70: 3 | AI70: 1 | AJ70: 3.33 | AK70: 0.33 | AL70: New Oko | AN70: Samus | AO70: 25 | AP70: 6 | AQ70: 3.56 | AR70: 0.24 | AS70: ▲2
A71: Incineroar | B71: 3 | C71: 1 | D71: 3.33 | E71: 0.33 | G71: King Dedede | H71: 31 | I71: 10 | J71: 3.35 | K71: 0.31 | L71: ▲1 | M71: Bayonetta | N71: 10 | O71: 1 | P71: 3.6 | Q71: 0.1 | R71: ▲3 | S71: Mega Man | T71: 5 | U71: 1 | V71: 3.6 | W71: 0.2 | Z71: Falco | AA71: 6 | AB71: 0 | AC71: 3.67 | AD71: 0 | AE71: ▲1 | AG71: Falco | AH71: 6 | AI71: 0 | AJ71: 3.67 | AK71: 0 | AN71: Falco | AO71: 6 | AP71: 0 | AQ71: 3.67 | AR71: 0
A72: King Dedede | B72: 29 | C72: 9 | D72: 3.45 | E72: 0.31 | G72: Mega Man | H72: 5 | I72: 1 | J72: 3.6 | K72: 0.2 | L72: ▲1 | M72: Mega Man | N72: 5 | O72: 1 | P72: 3.6 | Q72: 0.2 | S72: Falco | T72: 6 | U72: 0 | V72: 3.67 | W72: 0 | X72: ▼3 | Z72: Samus | AA72: 23 | AB72: 5 | AC72: 3.7 | AD72: 0.22 | AE72: ▲2 | AG72: Samus | AH72: 24 | AI72: 5 | AJ72: 3.67 | AK72: 0.21 | AN72: Mr. Game & Watch | AO72: 3 | AP72: 0 | AQ72: 3.67 | AR72: 0 | AS72: New Fa'adiyah Seer
A73: Mega Man | B73: 5 | C73: 1 | D73: 3.6 | E73: 0.2 | G73: Samus | H73: 13 | I73: 2 | J73: 3.69 | K73: 0.15 | L73: ▲1 | M73: Link | N73: 5 | O73: 1 | P73: 3.8 | Q73: 0.2 | R73: ▼4 | S73: Link | T73: 5 | U73: 1 | V73: 3.8 | W73: 0.2 | Z73: King Dedede | AA73: 40 | AB73: 11 | AC73: 3.8 | AD73: 0.28 | AE73: ▼3 | AG73: Link | AH73: 5 | AI73: 1 | AJ73: 3.8 | AK73: 0.2 | AL73: ▲1 | AN73: Link | AO73: 5 | AP73: 1 | AQ73: 3.8 | AR73: 0.2
A74: Samus | B74: 13 | C74: 2 | D74: 3.69 | E74: 0.15 | G74: Bayonetta | H74: 8 | I74: 1 | J74: 3.88 | K74: 0.13 | L74: ▲17🚀 | M74: Samus | N74: 16 | O74: 3 | P74: 3.94 | Q74: 0.19 | R74: ▼1 | S74: Samus | T74: 16 | U74: 3 | V74: 3.94 | W74: 0.19 | Z74: Link | AA74: 5 | AB74: 1 | AC74: 3.8 | AD74: 0.2 | AE74: ▼1 | AG74: Villager | AH74: 10 | AI74: 4 | AJ74: 3.8 | AK74: 0.4 | AL74: ▲1 | AN74: Villager | AO74: 10 | AP74: 4 | AQ74: 3.8 | AR74: 0.4
A75: Corrin | B75: 27 | C75: 2 | D75: 4 | E75: 0.07 | F75: ▲1 | G75: Palutena | H75: 3 | I75: 0 | J75: 4 | K75: 0 | L75: ▲1 | M75: Captain Falcon | N75: 26 | O75: 5 | P75: 4 | Q75: 0.19 | R75: ▲7🚀 | S75: Bayonetta | T75: 11 | U75: 1 | V75: 4 | W75: 0.09 | X75: ▼4 | Z75: Villager | AA75: 10 | AB75: 4 | AC75: 3.8 | AD75: 0.4 | AE75: ▲18🚀🚀🚀 | AG75: King Dedede | AH75: 41 | AI75: 11 | AJ75: 3.88 | AK75: 0.27 | AL75: ▼2 | AN75: King Dedede | AO75: 41 | AP75: 11 | AQ75: 3.88 | AR75: 0.27
A76: Palutena | B76: 3 | C76: 0 | D76: 4 | E76: 0 | F76: ▲1 | G76: Incineroar | H76: 4 | I76: 1 | J76: 4 | K76: 0.25 | L76: ▼5 | M76: Incineroar | N76: 4 | O76: 1 | P76: 4 | Q76: 0.25 | S76: Captain Falcon | T76: 26 | U76: 5 | V76: 4 | W76: 0.19 | X76: ▼1 | Z76: Mega Man | AA76: 9 | AB76: 1 | AC76: 3.89 | AD76: 0.11 | AE76: ▼5 | AG76: Mega Man | AH76: 9 | AI76: 1 | AJ76: 3.89 | AK76: 0.11 | AN76: Mega Man | AO76: 9 | AP76: 1 | AQ76: 3.89 | AR76: 0.11
A77: Inkling | B77: 3 | C77: 0 | D77: 4 | E77: 0 | F77: ▲1 | G77: Inkling | H77: 3 | I77: 0 | J77: 4 | K77: 0 | M77: Inkling | N77: 3 | O77: 0 | P77: 4 | Q77: 0 | S77: Incineroar | T77: 4 | U77: 1 | V77: 4 | W77: 0.25 | X77: ▼1 | Z77: Captain Falcon | AA77: 26 | AB77: 5 | AC77: 4 | AD77: 0.19 | AE77: ▼1 | AG77: Captain Falcon | AH77: 27 | AI77: 5 | AJ77: 4 | AK77: 0.19 | AN77: Incineroar | AO77: 4 | AP77: 1 | AQ77: 4 | AR77: 0.25 | AS77: ▲1
A78: Wario | B78: 3 | C78: 1 | D78: 4 | E78: 0.33 | F78: ▲1 | G78: Wario | H78: 3 | I78: 1 | J78: 4 | K78: 0.33 | M78: Joker | N78: 3 | O78: 1 | P78: 4 | Q78: 0.33 | S78: Inkling | T78: 3 | U78: 0 | V78: 4 | W78: 0 | X78: ▼1 | Z78: Incineroar | AA78: 4 | AB78: 1 | AC78: 4 | AD78: 0.25 | AE78: ▼1 | AG78: Incineroar | AH78: 4 | AI78: 1 | AJ78: 4 | AK78: 0.25 | AN78: Inkling | AO78: 3 | AP78: 0 | AQ78: 4 | AR78: 0 | AS78: ▲1
A79: Princess Peach | B79: 5 | C79: 0 | D79: 4 | E79: 0 | F79: New | G79: Princess Peach | H79: 5 | I79: 0 | J79: 4 | K79: 0 | M79: Palutena | N79: 3 | O79: 0 | P79: 4 | Q79: 0 | S79: Joker | T79: 3 | U79: 1 | V79: 4 | W79: 0.33 | X79: ▼1 | Z79: Inkling | AA79: 3 | AB79: 0 | AC79: 4 | AD79: 0 | AE79: ▼1 | AG79: Inkling | AH79: 3 | AI79: 0 | AJ79: 4 | AK79: 0 | AN79: Palutena | AO79: 3 | AP79: 0 | AQ79: 4 | AR79: 0 | AS79: ▲1
A80: Captain Falcon | B80: 23 | C80: 4 | D80: 4.09 | E80: 0.17 | F80: ▲1 | G80: Joker | H80: 3 | I80: 1 | J80: 4 | K80: 0.33 | L80: New | M80: Princess Peach | N80: 5 | O80: 0 | P80: 4 | Q80: 0 | S80: Palutena | T80: 3 | U80: 0 | V80: 4 | W80: 0 | X80: ▼1 | Z80: Joker | AA80: 3 | AB80: 1 | AC80: 4 | AD80: 0.33 | AE80: ▼1 | AG80: Joker | AH80: 3 | AI80: 1 | AJ80: 4 | AK80: 0.33 | AN80: Princess Peach | AO80: 5 | AP80: 0 | AQ80: 4 | AR80: 0 | AS80: ▲1
A81: Kirby | B81: 17 | C81: 3 | D81: 4.12 | E81: 0.18 | F81: ▼6 | G81: Corrin | H81: 28 | I81: 2 | J81: 4.07 | K81: 0.07 | L81: ▼6 | M81: Wario | N81: 3 | O81: 1 | P81: 4 | Q81: 0.33 | S81: Princess Peach | T81: 5 | U81: 0 | V81: 4 | W81: 0 | X81: ▼1 | Z81: Palutena | AA81: 3 | AB81: 0 | AC81: 4 | AD81: 0 | AE81: ▼1 | AG81: Palutena | AH81: 3 | AI81: 0 | AJ81: 4 | AK81: 0 | AN81: Wario | AO81: 4 | AP81: 1 | AQ81: 4 | AR81: 0.25 | AS81: ▲1
A82: R.O.B. | B82: 9 | C82: 0 | D82: 4.22 | E82: 0 | F82: ▼2 | G82: Captain Falcon | H82: 23 | I82: 4 | J82: 4.09 | K82: 0.17 | L82: ▼2 | M82: Corrin | N82: 29 | O82: 2 | P82: 4.07 | Q82: 0.07 | R82: ▼1 | S82: Wario | T82: 3 | U82: 1 | V82: 4 | W82: 0.33 | X82: ▼1 | Z82: Princess Peach | AA82: 5 | AB82: 0 | AC82: 4 | AD82: 0 | AE82: ▼1 | AG82: Princess Peach | AH82: 5 | AI82: 0 | AJ82: 4 | AK82: 0 | AN82: Terry | AO82: 4 | AP82: 1 | AQ82: 4 | AR82: 0.25 | AS82: ▼12💀💀
A83: Sonic | B83: 4 | C83: 1 | D83: 4.25 | E83: 0.25 | F83: ▼1 | G83: Kirby | H83: 19 | I83: 3 | J83: 4.21 | K83: 0.16 | L83: ▼2 | M83: R.O.B. | N83: 9 | O83: 0 | P83: 4.22 | Q83: 0 | R83: ▲1 | S83: Corrin | T83: 29 | U83: 2 | V83: 4.07 | W83: 0.07 | X83: ▼1 | Z83: Wario | AA83: 4 | AB83: 1 | AC83: 4 | AD83: 0.25 | AE83: ▼1 | AG83: Wario | AH83: 4 | AI83: 1 | AJ83: 4 | AK83: 0.25 | AN83: Corrin | AO83: 29 | AP83: 2 | AQ83: 4.07 | AR83: 0.07 | AS83: ▲1
A84: Ness | B84: 10 | C84: 1 | D84: 4.3 | E84: 0.1 | G84: R.O.B. | H84: 9 | I84: 0 | J84: 4.22 | K84: 0 | L84: ▼2 | M84: Kirby | N84: 21 | O84: 3 | P84: 4.24 | Q84: 0.14 | R84: ▼1 | S84: R.O.B. | T84: 9 | U84: 0 | V84: 4.22 | W84: 0 | X84: ▼1 | Z84: Corrin | AA84: 29 | AB84: 2 | AC84: 4.07 | AD84: 0.07 | AE84: ▼1 | AG84: Corrin | AH84: 29 | AI84: 2 | AJ84: 4.07 | AK84: 0.07 | AN84: Captain Falcon | AO84: 28 | AP84: 5 | AQ84: 4.11 | AR84: 0.18 | AS84: ▼7💀
A85: Mewtwo | B85: 3 | C85: 0 | D85: 4.33 | E85: 0 | G85: Sonic | H85: 4 | I85: 1 | J85: 4.25 | K85: 0.25 | L85: ▼2 | M85: Sonic | N85: 4 | O85: 1 | P85: 4.25 | Q85: 0.25 | S85: Sonic | T85: 4 | U85: 1 | V85: 4.25 | W85: 0.25 | Z85: R.O.B. | AA85: 9 | AB85: 0 | AC85: 4.22 | AD85: 0 | AE85: ▼1 | AG85: R.O.B. | AH85: 9 | AI85: 0 | AJ85: 4.22 | AK85: 0 | AN85: R.O.B. | AO85: 9 | AP85: 0 | AQ85: 4.22 | AR85: 0
A86: Villager | B86: 6 | C86: 2 | D86: 4.33 | E86: 0.33 | F86: ▼3 | G86: Ness | H86: 10 | I86: 1 | J86: 4.3 | K86: 0.1 | L86: ▼2 | M86: Ness | N86: 10 | O86: 1 | P86: 4.3 | Q86: 0.1 | S86: Kirby | T86: 22 | U86: 3 | V86: 4.27 | W86: 0.14 | X86: ▼2 | Z86: Bayonetta | AA86: 12 | AB86: 1 | AC86: 4.25 | AD86: 0.08 | AE86: ▼11💀💀 | AG86: Bayonetta | AH86: 12 | AI86: 1 | AJ86: 4.25 | AK86: 0.08 | AN86: Bayonetta | AO86: 12 | AP86: 1 | AQ86: 4.25 | AR86: 0.08
A87: Luigi | B87: 3 | C87: 0 | D87: 4.33 | E87: 0 | F87: ▼1 | G87: Mewtwo | H87: 3 | I87: 0 | J87: 4.33 | K87: 0 | L87: ▼2 | M87: Greninja | N87: 3 | O87: 1 | P87: 4.33 | Q87: 0.33 | S87: Ness | T87: 10 | U87: 1 | V87: 4.3 | W87: 0.1 | X87: ▼1 | Z87: Sonic | AA87: 4 | AB87: 1 | AC87: 4.25 | AD87: 0.25 | AE87: ▼2 | AG87: Sonic | AH87: 4 | AI87: 1 | AJ87: 4.25 | AK87: 0.25 | AN87: Joker | AO87: 4 | AP87: 1 | AQ87: 4.25 | AR87: 0.25 | AS87: ▼4
A88: Greninja | B88: 3 | C88: 1 | D88: 4.33 | E88: 0.33 | F88: New | G88: Villager | H88: 6 | I88: 2 | J88: 4.33 | K88: 0.33 | L88: ▼2 | M88: Luigi | N88: 3 | O88: 0 | P88: 4.33 | Q88: 0 | S88: Greninja | T88: 3 | U88: 1 | V88: 4.33 | W88: 0.33 | X88: ▼1 | Z88: Kirby | AA88: 22 | AB88: 3 | AC88: 4.27 | AD88: 0.14 | AE88: ▼2 | AG88: Toon Link | AH88: 4 | AI88: 0 | AJ88: 4.25 | AK88: 0 | AL88: ▼18💀💀💀 Assassin Matt Send His Regards | AN88: Sonic | AO88: 4 | AP88: 1 | AQ88: 4.25 | AR88: 0.25
A89: Cloud | B89: 10 | C89: 2 | D89: 4.5 | E89: 0.2 | F89: ▼1 | G89: Luigi | H89: 3 | I89: 0 | J89: 4.33 | K89: 0 | L89: ▼2 | M89: Mewtwo | N89: 3 | O89: 0 | P89: 4.33 | Q89: 0 | S89: Luigi | T89: 3 | U89: 0 | V89: 4.33 | W89: 0 | X89: ▼1 | Z89: Ness | AA89: 10 | AB89: 1 | AC89: 4.3 | AD89: 0.1 | AE89: ▼2 | AG89: Kirby | AH89: 22 | AI89: 3 | AJ89: 4.27 | AK89: 0.14 | AL89: ▼1 | AN89: Toon Link | AO89: 4 | AP89: 0 | AQ89: 4.25 | AR89: 0
A90: Meta Knight | B90: 13 | C90: 0 | D90: 4.62 | E90: 0 | F90: ▼3 | G90: Greninja | H90: 3 | I90: 1 | J90: 4.33 | K90: 0.33 | L90: ▼2 | M90: Cloud | N90: 10 | O90: 2 | P90: 4.5 | Q90: 0.2 | R90: ▲1 | S90: Mewtwo | T90: 3 | U90: 0 | V90: 4.33 | W90: 0 | X90: ▼1 | Z90: Greninja | AA90: 3 | AB90: 1 | AC90: 4.33 | AD90: 0.33 | AE90: ▼2 | AG90: Ness | AH90: 10 | AI90: 1 | AJ90: 4.3 | AK90: 0.1 | AL90: ▼1 | AN90: Kirby | AO90: 22 | AP90: 3 | AQ90: 4.27 | AR90: 0.14 | AS90: ▼1
A91: Bayonetta | B91: 6 | C91: 0 | D91: 4.67 | E91: 0 | F91: ▼2 | G91: Cloud | H91: 10 | I91: 2 | J91: 4.5 | K91: 0.2 | L91: ▼2 | M91: Meta Knight | N91: 14 | O91: 0 | P91: 4.57 | Q91: 0 | R91: ▲1 | S91: Cloud | T91: 10 | U91: 2 | V91: 4.5 | W91: 0.2 | X91: ▼1 | Z91: Luigi | AA91: 3 | AB91: 0 | AC91: 4.33 | AD91: 0 | AE91: ▼2 | AG91: Greninja | AH91: 3 | AI91: 1 | AJ91: 4.33 | AK91: 0.33 | AL91: ▼1 | AN91: Ness | AO91: 10 | AP91: 1 | AQ91: 4.3 | AR91: 0.1 | AS91: ▼1
A92: Ganondorf | B92: 12 | C92: 3 | D92: 4.83 | E92: 0.25 | G92: Meta Knight | H92: 13 | I92: 0 | J92: 4.62 | K92: 0 | L92: ▼2 | M92: Villager | N92: 7 | O92: 2 | P92: 4.86 | Q92: 0.29 | R92: ▼2 | S92: Meta Knight | T92: 14 | U92: 0 | V92: 4.57 | W92: 0 | X92: ▼1 | Z92: Mewtwo | AA92: 3 | AB92: 0 | AC92: 4.33 | AD92: 0 | AE92: ▼2 | AG92: Luigi | AH92: 3 | AI92: 0 | AJ92: 4.33 | AK92: 0 | AL92: ▼1 | AN92: Greninja | AO92: 3 | AP92: 1 | AQ92: 4.33 | AR92: 0.33 | AS92: ▼1
A93: Snake | B93: 8 | C93: 1 | D93: 4.88 | E93: 0.13 | F93: ▲1 | G93: Snake | H93: 8 | I93: 1 | J93: 4.88 | K93: 0.13 | M93: Ganondorf | N93: 16 | O93: 3 | P93: 4.88 | Q93: 0.19 | R93: ▲4 | S93: Villager | T93: 7 | U93: 2 | V93: 4.86 | W93: 0.29 | X93: ▼1 | Z93: Cloud | AA93: 10 | AB93: 2 | AC93: 4.5 | AD93: 0.2 | AE93: ▼2 | AG93: Mewtwo | AH93: 3 | AI93: 0 | AJ93: 4.33 | AK93: 0 | AL93: ▼1 | AN93: Luigi | AO93: 3 | AP93: 0 | AQ93: 4.33 | AR93: 0 | AS93: ▼1
A94: Yoshi | B94: 11 | C94: 1 | D94: 4.91 | E94: 0.09 | F94: ▼4 | G94: Yoshi | H94: 11 | I94: 1 | J94: 4.91 | K94: 0.09 | M94: Yoshi | N94: 11 | O94: 1 | P94: 4.91 | Q94: 0.09 | S94: Ganondorf | T94: 16 | U94: 3 | V94: 4.88 | W94: 0.19 | X94: ▼1 | Z94: Meta Knight | AA94: 14 | AB94: 0 | AC94: 4.57 | AD94: 0 | AE94: ▼2 | AG94: Cloud | AH94: 10 | AI94: 2 | AJ94: 4.5 | AK94: 0.2 | AL94: ▼1 | AN94: Mewtwo | AO94: 3 | AP94: 0 | AQ94: 4.33 | AR94: 0 | AS94: ▼1
A95: King K Rool | B95: 10 | C95: 1 | D95: 5 | E95: 0.1 | F95: ▲1 | G95: King K Rool | H95: 10 | I95: 1 | J95: 5 | K95: 0.1 | M95: Bowser | N95: 3 | O95: 0 | P95: 5 | Q95: 0 | S95: Yoshi | T95: 11 | U95: 1 | V95: 4.91 | W95: 0.09 | X95: ▼1 | Z95: Yoshi | AA95: 11 | AB95: 1 | AC95: 4.91 | AD95: 0.09 | AG95: Meta Knight | AH95: 14 | AI95: 0 | AJ95: 4.57 | AK95: 0 | AL95: ▼1 | AN95: Cloud | AO95: 10 | AP95: 2 | AQ95: 4.5 | AR95: 0.2 | AS95: ▼1
A96: Bowser | B96: 3 | C96: 0 | D96: 5 | E96: 0 | F96: ▼5 | G96: Bowser | H96: 3 | I96: 0 | J96: 5 | K96: 0 | M96: King K Rool | N96: 10 | O96: 1 | P96: 5 | Q96: 0.1 | S96: Bowser | T96: 3 | U96: 0 | V96: 5 | W96: 0 | X96: ▼1 | Z96: Bowser | AA96: 3 | AB96: 0 | AC96: 5 | AD96: 0 | AG96: Yoshi | AH96: 11 | AI96: 1 | AJ96: 4.91 | AK96: 0.09 | AL96: ▼1 | AN96: Meta Knight | AO96: 14 | AP96: 0 | AQ96: 4.57 | AR96: 0 | AS96: ▼1
A97: Ridley | B97: 6 | C97: 1 | D97: 5.17 | E97: 0.17 | F97: ▼4 | G97: Ganondorf | H97: 13 | I97: 3 | J97: 5.08 | K97: 0.23 | L97: ▼5 | M97: Ryu | N97: 3 | O97: 0 | P97: 5 | Q97: 0 | R97: New Barely Not Trash | S97: King K Rool | T97: 10 | U97: 1 | V97: 5 | W97: 0.1 | X97: ▼1 | Z97: King K Rool | AA97: 10 | AB97: 1 | AC97: 5 | AD97: 0.1 | AG97: Bowser | AH97: 3 | AI97: 0 | AJ97: 5 | AK97: 0 | AL97: ▼1 | AN97: Yoshi | AO97: 11 | AP97: 1 | AQ97: 4.91 | AR97: 0.09 | AS97: ▼1
A98: Mario | B98: 11 | C98: 0 | D98: 5.18 | E98: 0 | F98: ▼3 | G98: Ridley | H98: 6 | I98: 1 | J98: 5.17 | K98: 0.17 | L98: ▼1 | M98: Snake | N98: 9 | O98: 1 | P98: 5.11 | Q98: 0.11 | R98: ▼5 | S98: Ryu | T98: 3 | U98: 0 | V98: 5 | W98: 0 | X98: ▼1 | Z98: Ryu | AA98: 3 | AB98: 0 | AC98: 5 | AD98: 0 | AG98: King K Rool | AH98: 10 | AI98: 1 | AJ98: 5 | AK98: 0.1 | AL98: ▼1 | AN98: Bowser | AO98: 3 | AP98: 0 | AQ98: 5 | AR98: 0 | AS98: ▼1
A99: Jigglypuff | B99: 9 | C99: 0 | D99: 5.33 | E99: 0 | G99: Mario | H99: 11 | I99: 0 | J99: 5.18 | K99: 0 | L99: ▼1 | M99: Ridley | N99: 6 | O99: 1 | P99: 5.17 | Q99: 0.17 | R99: ▼1 | S99: Snake | T99: 9 | U99: 1 | V99: 5.11 | W99: 0.11 | X99: ▼1 | Z99: Ganondorf | AA99: 19 | AB99: 3 | AC99: 5.05 | AD99: 0.16 | AE99: ▼5 | AG99: Ryu | AH99: 3 | AI99: 0 | AJ99: 5 | AK99: 0 | AL99: ▼1 | AN99: King K Rool | AO99: 10 | AP99: 1 | AQ99: 5 | AR99: 0.1 | AS99: ▼1
A100: Donkey Kong | B100: 23 | C100: 2 | D100: 5.35 | E100: 0.09 | F100: ▼3 | G100: Jigglypuff | H100: 9 | I100: 0 | J100: 5.33 | K100: 0 | L100: ▼1 | M100: Mario | N100: 11 | O100: 0 | P100: 5.18 | Q100: 0 | R100: ▼1 | S100: Donkey Kong | T100: 24 | U100: 3 | V100: 5.17 | W100: 0.13 | X100: ▲4 | Z100: Snake | AA100: 9 | AB100: 1 | AC100: 5.11 | AD100: 0.11 | AE100: ▼1 | AG100: Ganondorf | AH100: 20 | AI100: 3 | AJ100: 5.05 | AK100: 0.15 | AL100: ▼1 | AN100: Ryu | AO100: 3 | AP100: 0 | AQ100: 5 | AR100: 0 | AS100: ▼1
A101: Pikachu | B101: 6 | C101: 0 | D101: 5.67 | E101: 0 | F101: ▼3 | G101: Pichu | H101: 3 | I101: 0 | J101: 5.33 | K101: 0 | L101: New Trash | M101: Pichu | N101: 4 | O101: 0 | P101: 5.25 | Q101: 0 | S101: Ridley | T101: 6 | U101: 1 | V101: 5.17 | W101: 0.17 | X101: ▼2 | Z101: Donkey Kong | AA101: 24 | AB101: 3 | AC101: 5.17 | AD101: 0.13 | AE101: ▼1 | AG101: Snake | AH101: 9 | AI101: 1 | AJ101: 5.11 | AK101: 0.11 | AL101: ▼1 | AN101: Snake | AO101: 9 | AP101: 1 | AQ101: 5.11 | AR101: 0.11
A102: Olimar | B102: 3 | C102: 0 | D102: 5.67 | E102: 0 | F102: New Trash | G102: Donkey Kong | H102: 23 | I102: 2 | J102: 5.35 | K102: 0.09 | L102: ▼2 | M102: Jigglypuff | N102: 9 | O102: 0 | P102: 5.33 | Q102: 0 | R102: ▼2 | S102: Mario | T102: 11 | U102: 0 | V102: 5.18 | W102: 0 | X102: ▼2 | Z102: Ridley | AA102: 6 | AB102: 1 | AC102: 5.17 | AD102: 0.17 | AE102: ▼1 | AG102: Donkey Kong | AH102: 24 | AI102: 3 | AJ102: 5.17 | AK102: 0.13 | AL102: ▼1 | AN102: Donkey Kong | AO102: 24 | AP102: 3 | AQ102: 5.17 | AR102: 0.13
A103: Rosalina | B103: 4 | C103: 0 | D103: 5.75 | E103: 0 | F103: ▼3 | G103: Pikachu | H103: 6 | I103: 0 | J103: 5.67 | K103: 0 | L103: ▼2 | M103: Ken | N103: 3 | O103: 0 | P103: 5.33 | Q103: 0 | R103: New Trash | S103: Pichu | T103: 4 | U103: 0 | V103: 5.25 | W103: 0 | X103: ▼2 | Z103: Mario | AA103: 11 | AB103: 0 | AC103: 5.18 | AD103: 0 | AE103: ▼1 | AG103: Ridley | AH103: 6 | AI103: 1 | AJ103: 5.17 | AK103: 0.17 | AL103: ▼1 | AN103: Ridley | AO103: 6 | AP103: 1 | AQ103: 5.17 | AR103: 0.17
A104: Wolf | B104: 4 | C104: 0 | D104: 6.5 | E104: 0 | F104: ▼3 | G104: Olimar | H104: 3 | I104: 0 | J104: 5.67 | K104: 0 | L104: ▼2 | M104: Donkey Kong | N104: 23 | O104: 2 | P104: 5.35 | Q104: 0.09 | R104: ▼2 | S104: Jigglypuff | T104: 9 | U104: 0 | V104: 5.33 | W104: 0 | X104: ▼2 | Z104: Pichu | AA104: 4 | AB104: 0 | AC104: 5.25 | AD104: 0 | AE104: ▼1 | AG104: Mario | AH104: 11 | AI104: 0 | AJ104: 5.18 | AK104: 0 | AL104: ▼1 | AN104: Mario | AO104: 11 | AP104: 0 | AQ104: 5.18 | AR104: 0
A105: Fox | B105: 5 | C105: 0 | D105: 6.8 | E105: 0 | F105: ▼3 | G105: Rosalina | H105: 4 | I105: 0 | J105: 5.75 | K105: 0 | L105: ▼2 | M105: Olimar | N105: 5 | O105: 0 | P105: 5.4 | Q105: 0 | R105: ▼1 | S105: Ken | T105: 3 | U105: 0 | V105: 5.33 | W105: 0 | X105: ▼2 | Z105: Banjo-Kazooie | AA105: 4 | AB105: 0 | AC105: 5.25 | AD105: 0 | AE105: New Pithing Needle | AG105: Pichu | AH105: 4 | AI105: 0 | AJ105: 5.25 | AK105: 0 | AL105: ▼1 | AN105: Ganondorf | AO105: 21 | AP105: 3 | AQ105: 5.19 | AR105: 0.14 | AS105: ▼5
...

Sheet Prep 2.0
A1: 45512 | B1: 45512 | C1: 45512 | D1: 45519 | E1: 45519 | F1: 45526 | G1: 45526 | H1: 45528 | I1: 45531 | J1: 45531 | K1: 45533 | L1: 45533
A2: Lucario | B2: Pokemon Trainer | C2: King Dedede | D2: Lucario | E2: King Dedede | F2: Samus | G2: Ness | H2: Villager | I2: Lucario | J2: Jigglypuff | K2: Snake | L2: Zelda
A3: Dark Pit | B3: Wolf | C3: Zelda | D3: Zelda | E3: Lucario | F3: Ike | G3: Samus | H3: Sonic | I3: Ganondorf | J3: Pac Man | K3: Samus | L3: Falco
A4: Mega Man | B4: Lucario | C4: Pokemon Trainer | D4: Ness | E4: Ness | F4: Ganondorf | G4: Bayonetta | H4: Lucario | I4: Sheik | J4: Olimar | K4: Wario | L4: Pikachu
A5: Pokemon Trainer | B5: Ganondorf | C5: Ike | D5: Samus | E5: Ike | F5: Bayonetta | G5: Ganondorf | H5: Zelda | I5: Ike | J5: Falco | K5: Bowser | L5: Diddy Kong
A6: Zelda | B6: Dark Pit | C6: Samus | D6: King Dedede | E6: Ganondorf | F6: Meta Knight | G6: Meta Knight | H6: Ganondorf | I6: Villager | J6: Bayonetta | K6: Ganondorf | L6: Ganondorf
A7: Ganondorf | B7: Samus | C7: Lucario | D7: Corrin | E7: Samus | F7: Lucario | G7: Ike | H7: Incineroar | I7: Pikachu | J7: Sheik | K7: Duck Hunt | L7: Samus
A8: Wolf | B8: Mega Man | C8: Ganondorf | D8: Villager | E8: Zelda | F8: Diddy Kong | G8: Lucario | H8: King Dedede | I8: Samus | J8: Shulk | K8: Zelda | L8: R.O.B.
A9: Samus | B9: Zelda | C9: Duck Hunt | D9: Ganondorf | E9: Villager | F9: Ness | G9: Diddy Kong | H9: Ness | I9: Zelda | J9: Little Mac | K9: Diddy Kong | L9: Pokemon Trainer
A12: Character | B12: Top 8's | C12: Trophies | D12: Avg Position | E12: Total | F12: STD | I12: Character | J12: Top 8's | K12: Trophies | L12: Avg Position | M12: Trophy Rate | N12: STD
A13: Banjo-Kazooie | B13: 7 | C13: 0 | D13: =E13/B13 -> 5 | E13: 35 | F13: 2.3664319 | I13: Banjo-Kazooie | J13: 7 | K13: 0 | L13: 5 | M13: =K13/J13 -> 0 | N13: 2.3664319
A14: Bayonetta | B14: 25 | C14: 2 | D14: =E14/B14 -> 4.4 | E14: 110 | F14: 2.3273733 | I14: Bayonetta | J14: 25 | K14: 2 | L14: 4.4 | M14: =K14/J14 -> 0.08 | N14: 2.3273733
A15: Bowser | B15: 9 | C15: 0 | D15: =E15/B15 -> 5.3333333 | E15: 48 | F15: 1.8708287 | I15: Bowser | J15: 9 | K15: 0 | L15: 5.33 | M15: =K15/J15 -> 0 | N15: 1.8708287
A16: Bowser Jr. | B16: 5 | C16: 0 | D16: =E16/B16 -> 5.6 | E16: 28 | F16: 1.8165902 | I16: Bowser Jr. | J16: 5 | K16: 0 | L16: 5.6 | M16: =K16/J16 -> 0 | N16: 1.8165902
A17: Byleth | B17: 43 | C17: 15 | D17: =E17/B17 -> 2.8604651 | E17: 123 | F17: 2.0304984 | I17: Byleth | J17: 43 | K17: 15 | L17: 2.86 | M17: =K17/J17 -> 0.34883721 | N17: 2.0304984
A18: Captain Falcon | B18: 31 | C18: 5 | D18: =E18/B18 -> 4.2258065 | E18: 131 | F18: 2.4994623 | I18: Captain Falcon | J18: 31 | K18: 5 | L18: 4.23 | M18: =K18/J18 -> 0.16129032 | N18: 2.4994623
A19: Cloud | B19: 14 | C19: 2 | D19: =E19/B19 -> 4.7857143 | E19: 67 | F19: 2.4235566 | I19: Cloud | J19: 14 | K19: 2 | L19: 4.79 | M19: =K19/J19 -> 0.14285714 | N19: 2.4235566
A20: Corrin | B20: 41 | C20: 3 | D20: =E20/B20 -> 4.4634146 | E20: 183 | F20: 2.1805683 | I20: Corrin | J20: 41 | K20: 3 | L20: 4.46 | M20: =K20/J20 -> 0.073170732 | N20: 2.1805683
A21: Diddy Kong | B21: 11 | C21: 1 | D21: =E21/B21 -> 6.4545455 | E21: 71 | F21: 2.296242 | I21: Diddy Kong | J21: 11 | K21: 1 | L21: 6.45 | M21: =K21/J21 -> 0.090909091 | N21: 2.296242
A22: Donkey Kong | B22: 38 | C22: 3 | D22: =E22/B22 -> 5.4210526 | E22: 206 | F22: 2.1514493 | I22: Donkey Kong | J22: 38 | K22: 3 | L22: 5.42 | M22: =K22/J22 -> 0.078947368 | N22: 2.1514493
A23: Dr. Mario | B23: 8 | C23: 1 | D23: =E23/B23 -> 5.5 | E23: 44 | F23: 2.3299295 | I23: Duck Hunt | J23: 6 | K23: 0 | L23: 5.67 | M23: =K23/J23 -> 0 | N23: 2.3299295
A24: Duck Hunt | B24: 6 | C24: 0 | D24: =E24/B24 -> 5.6666667 | E24: 34 | F24: 2.0655911 | I24: Dr. Mario | J24: 8 | K24: 1 | L24: 5.5 | M24: =K24/J24 -> 0.125 | N24: 2.0655911
... A51: Mewtwo | B51: 5 | C51: 0 | D51: =E51/B51 -> 4.2 | E51: 21 | F51: 1.3038405 | I51: Mewtwo | J51: 5 | K51: 0 | L51: 4.2 | M51: =K51/J51 -> 0 | N51: 1.3038405
A52: Mii Brawler | B52: 1 | C52: 0 | D52: =E52/B52 -> 2 | E52: 2 | I52: Mii Gunner | J52: 5 | K52: 0 | L52: 5 | M52: =K52/J52 -> 0 | N52: 2
A53: Mii Gunner | B53: 5 | C53: 0 | D53: =E53/B53 -> 5 | E53: 25 | F53: 2 | I53: Mii Sword Fighter | J53: 5 | K53: 1 | L53: 4 | M53: =K53/J53 -> 0.2 | N53: 3.2403703
A54: Mii Swordfighter | B54: 5 | C54: 1 | D54: =E54/B54 -> 4 | E54: 20 | F54: 3.2403703 | I54: Mr. Game & Watch | J54: 7 | K54: 0 | L54: 4.57 | M54: =K54/J54 -> 0 | N54: 1.7182494
A55: Min Min | B55: 4 | C55: 0 | D55: =E55/B55 -> 7 | E55: 28 | F55: 0.81649658 | I55: Ness | J55: 41 | K55: 5 | L55: 4.41 | M55: =K55/J55 -> 0.12195122 | N55: 2.2690924
A56: Mr. Game & Watch | B56: 7 | C56: 0 | D56: =E56/B56 -> 4.5714286 | E56: 32 | F56: 1.7182494 | I56: Olimar | J56: 7 | K56: 0 | L56: 4.71 | M56: =K56/J56 -> 0 | N56: 1.7043362
A57: Ness | B57: 41 | C57: 5 | D57: =E57/B57 -> 4.4146341 | E57: 181 | F57: 2.2690924 | I57: Pac Man | J57: 7 | K57: 0 | L57: 4.71 | M57: =K57/J57 -> 0 | N57: 1.8898224
A58: Olimar | B58: 7 | C58: 0 | D58: =E58/B58 -> 4.7142857 | E58: 33 | F58: 1.7043362 | I58: Palutena | J58: 6 | K58: 0 | L58: 4.33 | M58: =K58/J58 -> 0 | N58: 2.3380904
A59: Pac Man | B59: 7 | C59: 0 | D59: =E59/B59 -> 4.7142857 | E59: 33 | F59: 1.8898224 | I59: Pichu | J59: 11 | K59: 2 | L59: 4.82 | M59: =K59/J59 -> 0.18181818 | N59: 2.5226249
A60: Palutena | B60: 6 | C60: 0 | D60: =E60/B60 -> 4.3333333 | E60: 26 | F60: 2.3380904 | I60: Pikachu | J60: 20 | K60: 1 | L60: 4.4 | M60: =K60/J60 -> 0.05 | N60: 2.0875571
A61: Pichu | B61: 11 | C61: 2 | D61: =E61/B61 -> 4.8181818 | E61: 53 | F61: 2.5226249 | I61: Piranha Plant | J61: 8 | K61: 0 | L61: 4.25 | M61: =K61/J61 -> 0 | N61: 2.0528726
A62: Pikachu | B62: 20 | C62: 1 | D62: =E62/B62 -> 4.4 | E62: 88 | F62: 2.0875571 | I62: Pit | J62: 9 | K62: 1 | L62: 3.89 | M62: =K62/J62 -> 0.11111111 | N62: 2.4209732
A63: Piranha Plant | B63: 8 | C63: 0 | D63: =E63/B63 -> 4.25 | E63: 34 | F63: 2.0528726 | I63: Pokemon Trainer | J63: 14 | K63: 2 | L63: 3.86 | M63: =K63/J63 -> 0.14285714 | N63: 1.9944979
A64: Pit | B64: 9 | C64: 1 | D64: =E64/B64 -> 3.8888889 | E64: 35 | F64: 2.4209732 | I64: Princess Peach | J64: 13 | K64: 0 | L64: 4.54 | M64: =K64/J64 -> 0 | N64: 1.9414507
... A89: Yoshi | B89: 14 | C89: 2 | D89: =E89/B89 -> 4.6428571 | E89: 65 | F89: 2.3731557 | I89: Zero Suit Samus | J89: 6 | K89: 0 | L89: 5.5 | M89: =K89/J89 -> 0 | N89: 2.1679483
A90: Young Link | B90: 5 | C90: 1 | D90: =E90/B90 -> 4.8 | E90: 24 | F90: 2.7748874
A91: Zelda | B91: 19 | C91: 4 | D91: =E91/B91 -> 3.8421053 | E91: 73 | F91: 2.587645
A92: Zero Suit Samus | B92: 6 | C92: 0 | D92: =E92/B92 -> 5.5 | E92: 33 | F92: 2.1679483
A99: Chrom | B99: 1 | C99: 1 | D99: 1 | E99: 1
A100: Daisy | B100: 3 | C100: 0 | D100: 5.33 | E100: 16 | F100: 3.0550505
A101: Richter | B101: 3 | C101: 0 | D101: 5.33 | E101: 16 | F101: 2.5166115
A102: Lucina | B102: 1 | C102: 0 | D102: 8 | E102: 8

Sheet 2.0
A1: Character | B1: Top 8's | C1: Trophies | D1: Avg Position | E1: Trophy Rate | F1: STD | H1: Character | I1: Top 8's | J1: Trophies | K1: Avg Position | L1: Trophy Rate | M1: STD | P1: Character | Q1: Top 8's | R1: Trophies | S1: Avg Position | T1: Trophy Rate | V1: Character | W1: Top 8's | X1: Change in Top 8's | Y1: Trophies | Z1: Change in Trophies | AA1: Avg Position | AB1: Change in Avg Position
A2: Byleth | B2: 43 | C2: 15 | D2: 2.86 | E2: 0.35 | F2: 2.4994623 | H2: Byleth | I2: 43 | J2: 15 | K2: 2.86 | L2: =J2/I2 -> 0.34883721 | M2: 2.0304984 | P2: Banjo-Kazooie | Q2: 5 | R2: 0 | S2: 4.8 | T2: 0 | V2: Banjo-Kazooie | W2: 7 | X2: =W2-Q2 -> 2 | Y2: 0 | Z2: =Y2-R2 -> 0 | AA2: 5 | AB2: =AA2-S2 -> 0.2
A3: Lucario | B3: 29 | C3: 7 | D3: 3.45 | E3: 0.24 | F3: 2.1884181 | G3: ▲4 | H3: Kazuya | I3: 6 | J3: 1 | K3: 3.5 | L3: =J3/I3 -> 0.16666667 | M3: 2.0736441 | N3: ▲1 | P3: Bayonetta | Q3: 18 | R3: 2 | S3: 4.17 | T3: 0.11 | V3: Bayonetta | W3: 25 | X3: =W3-Q3 -> 7 | Y3: 2 | Z3: =Y3-R3 -> 0 | AA3: 4.4 | AB3: =AA3-S3 -> 0.23
A4: Kazuya | B4: 6 | C4: 1 | D4: 3.5 | E4: 0.17 | F4: 2.0736441 | H4: Lucario | I4: 33 | J4: 8 | K4: 3.55 | L4: =J4/I4 -> 0.24242424 | M4: 2.2233267 | N4: ▼1 | P4: Bowser | Q4: 4 | R4: 0 | S4: 5.75 | T4: 0 | V4: Bowser | W4: 9 | X4: =W4-Q4 -> 5 | Y4: 0 | Z4: =Y4-R4 -> 0 | AA4: 5.33 | AB4: =AA4-S4 -> -0.42
A5: Zelda | B5: 15 | C5: 3 | D5: 3.53 | E5: 0.2 | F5: 2.399252 | G5: ▼2 | H5: Mega Man | I5: 36 | J5: 6 | K5: 3.67 | L5: =J5/I5 -> 0.16666667 | M5: 2.1646511 | N5: ▲2 | P5: Bowser Jr. | Q5: 3 | R5: 0 | S5: 5.67 | T5: 0 | V5: Bowser Jr. | W5: 5 | X5: =W5-Q5 -> 2 | Y5: 0 | Z5: =Y5-R5 -> 0 | AA5: 5.6 | AB5: =AA5-S5 -> -0.07
A6: Pokemon Trainer | B6: 13 | C6: 2 | D6: 3.54 | E6: 0.15 | F6: 1.6641006 | H6: Villager | I6: 41 | J6: 14 | K6: 3.68 | L6: =J6/I6 -> 0.34146341 | M6: 2.6214407 | N6: ▲2 | P6: Byleth | Q6: 22 | R6: 7 | S6: 2.91 | T6: 0.32 | V6: Byleth | W6: 43 | X6: =W6-Q6 -> 21 | Y6: 15 | Z6: =Y6-R6 -> 8 | AA6: 2.86 | AB6: =AA6-S6 -> -0.05
A7: Mega Man | B7: 36 | C7: 6 | D7: 3.67 | E7: 0.17 | F7: 2.1646511 | G7: ▲1 | H7: Zelda | I7: 19 | J7: 4 | K7: 3.84 | L7: =J7/I7 -> 0.21052632 | M7: 2.587645 | N7: ▼2 | P7: Captain Falcon | Q7: 30 | R7: 5 | S7: 4.3 | T7: 0.17 | V7: Captain Falcon | W7: 31 | X7: =W7-Q7 -> 1 | Y7: 5 | Z7: =Y7-R7 -> 0 | AA7: 4.23 | AB7: =AA7-S7 -> -0.07
A8: Villager | B8: 39 | C8: 13 | D8: 3.72 | E8: 0.33 | F8: 2.5562736 | G8: ▼3 | H8: Pokemon Trainer | I8: 14 | J8: 2 | K8: 3.86 | L8: =J8/I8 -> 0.14285714 | M8: 1.9944979 | N8: ▼2 | P8: Cloud | Q8: 11 | R8: 2 | S8: 4.45 | T8: 0.18 | V8: Cloud | W8: 14 | X8: =W8-Q8 -> 3 | Y8: 2 | Z8: =Y8-R8 -> 0 | AA8: 4.79 | AB8: =AA8-S8 -> 0.34
A9: Pit | B9: 9 | C9: 1 | D9: 3.89 | E9: 0.13 | F9: 2.4209732 | H9: Pit | I9: 9 | J9: 1 | K9: 3.89 | L9: =J9/I9 -> 0.11111111 | M9: 2.4209732 | P9: Corrin | Q9: 33 | R9: 3 | S9: 4.24 | T9: 0.09 | V9: Corrin | W9: 41 | X9: =W9-Q9 -> 8 | Y9: 3 | Z9: =Y9-R9 -> 0 | AA9: 4.46 | AB9: =AA9-S9 -> 0.22
A10: Mii Sword Fighter | B10: 5 | C10: 1 | D10: 4 | E10: 0.2 | F10: 3.2403703 | H10: Falco | I10: 9 | J10: 0 | K10: 4 | L10: =J10/I10 -> 0 | M10: 2.1794495 | N10: ▲13🚀🚀🚀 | P10: Diddy Kong | Q10: 3 | R10: 1 | S10: 5.67 | T10: 0.33 | V10: Diddy Kong | W10: 11 | X10: =W10-Q10 -> 8 | Y10: 1 | Z10: =Y10-R10 -> 0 | AA10: 6.45 | AB10: =AA10-S10 -> 0.78
A11: King Dedede | B11: 71 | C11: 16 | D11: 4.06 | E11: 0.23 | F11: 2.3634038 | H11: Jigglypuff | I11: 17 | J11: 1 | K11: 4 | L11: =J11/I11 -> 0.058823529 | M11: 2.5495098 | N11: ▲3 | P11: Donkey Kong | Q11: 30 | R11: 3 | S11: 5.23 | T11: 0.1 | V11: Donkey Kong | W11: 38 | X11: =W11-Q11 -> 8 | Y11: 3 | Z11: =Y11-R11 -> 0 | AA11: 5.42 | AB11: =AA11-S11 -> 0.19
A12: Wario | B12: 9 | C12: 2 | D12: 4.11 | E12: 0.22 | F12: 2.5712081 | H12: Mii Sword Fighter | I12: 5 | J12: 1 | K12: 4 | L12: =J12/I12 -> 0.2 | M12: 3.2403703 | P12: Dr. Mario | Q12: 3 | R12: 1 | S12: 4.67 | T12: 0 | V12: Dr. Mario | W12: 8 | X12: =W12-Q12 -> 5 | Y12: 1 | Z12: =Y12-R12 -> 0 | AA12: 5.5 | AB12: =AA12-S12 -> 0.83
A13: Link | B13: 6 | C13: 1 | D13: 4.17 | E13: 0.17 | F13: 2.6394444 | H13: Wario | I13: 10 | J13: 2 | K13: 4 | L13: =J13/I13 -> 0.2 | M13: 2.4494897 | N13: ▼1 | P13: Duck Hunt | Q13: 3 | R13: 0 | S13: 4 | T13: 0 | V13: Duck Hunt | W13: 6 | X13: =W13-Q13 -> 3 | Y13: 0 | Z13: =Y13-R13 -> 0 | AA13: 5.67 | AB13: =AA13-S13 -> 1.67
A14: Jigglypuff | B14: 16 | C14: 0 | D14: 4.19 | E14: 0 | F14: 2.5091499 | H14: King Dedede | I14: 72 | J14: 16 | K14: 4.1 | L14: =J14/I14 -> 0.22222222 | M14: 2.369439 | N14: ▼3 | P14: Falco | Q14: 6 | R14: 0 | S14: 3.67 | T14: 0 | V14: Falco | W14: 9 | X14: =W14-Q14 -> 3 | Y14: 0 | Z14: =Y14-R14 -> 0 | AA14: 4 | AB14: =AA14-S14 -> 0.33
A15: Joker | B15: 9 | C15: 2 | D15: 4.2 | E15: 0.25 | F15: 2.7284509 | H15: Link | I15: 6 | J15: 1 | K15: 4.17 | L15: =J15/I15 -> 0.16666667 | M15: 2.6394444 | N15: ▼2 | P15: Fox | Q15: 11 | R15: 1 | S15: 5.82 | T15: 0.09 | V15: Fox | W15: 11 | X15: =W15-Q15 -> 0 | Y15: 1 | Z15: =Y15-R15 -> 0 | AA15: 5.82 | AB15: =AA15-S15 -> 0
A16: Mewtwo | B16: 5 | C16: 0 | D16: 4.2 | E16: 0 | F16: 1.3038405 | H16: Joker | I16: 9 | J16: 2 | K16: 4.2 | L16: =J16/I16 -> 0.22222222 | M16: 2.7284509 | N16: ▼1 | P16: Ganondorf | Q16: 26 | R16: 3 | S16: 5.31 | T16: 0.12 | V16: Ganondorf | W16: 42 | X16: =W16-Q16 -> 16 | Y16: 3 | Z16: =Y16-R16 -> 0 | AA16: 5 | AB16: =AA16-S16 -> -0.31
A17: Sephiroth | B17: 5 | C17: 1 | D17: 4.2 | E17: 0.2 | F17: 2.1679483 | H17: Mewtwo | I17: 5 | J17: 0 | K17: 4.2 | L17: =J17/I17 -> 0 | M17: 1.3038405 | N17: ▼1 | P17: Greninja | Q17: 5 | R17: 1 | S17: 5 | T17: 0.2 | V17: Greninja | W17: 5 | X17: =W17-Q17 -> 0 | Y17: 1 | Z17: =Y17-R17 -> 0 | AA17: 5 | AB17: =AA17-S17 -> 0
A18: Toon Link | B18: 5 | C18: 0 | D18: 4.2 | E18: 0 | F18: 2.4899799 | H18: Sephiroth | I18: 5 | J18: 1 | K18: 4.2 | L18: =J18/I18 -> 0.2 | M18: 2.1679483 | N18: ▼1 | P18: Hero | Q18: 4 | R18: 0 | S18: 4.25 | T18: 0 | V18: Hero | W18: 5 | X18: =W18-Q18 -> 1 | Y18: 0 | Z18: =Y18-R18 -> 0 | AA18: 4.4 | AB18: =AA18-S18 -> 0.15
A19: Captain Falcon | B19: 31 | C19: 5 | D19: 4.23 | E19: 0.16 | F19: 2.4235566 | H19: Toon Link | I19: 5 | J19: 0 | K19: 4.2 | L19: =J19/I19 -> 0 | M19: 2.4899799 | N19: ▼1 | P19: Ice-Climbers | Q19: 3 | R19: 0 | S19: 6 | T19: 0 | V19: Ice-Climbers | W19: 5 | X19: =W19-Q19 -> 2 | Y19: 0 | Z19: =Y19-R19 -> 0 | AA19: 5.2 | AB19: =AA19-S19 -> -0.8
A20: Piranha Plant | B20: 8 | C20: 0 | D20: 4.25 | E20: 0 | F20: 2.0528726 | H20: Captain Falcon | I20: 31 | J20: 5 | K20: 4.23 | L20: =J20/I20 -> 0.16129032 | M20: 2.4994623 | N20: ▼1 | P20: Ike | Q20: 3 | R20: 0 | S20: 4.67 | T20: 0 | V20: Ike | W20: 10 | X20: =W20-Q20 -> 7 | Y20: 0 | Z20: =Y20-R20 -> 0 | AA20: 4.6 | AB20: =AA20-S20 -> -0.07
A21: Samus | B21: 97 | C21: 13 | D21: 4.28 | E21: 0.13 | F21: 2.2035297 | H21: Piranha Plant | I21: 8 | J21: 0 | K21: 4.25 | L21: =J21/I21 -> 0 | M21: 2.0528726 | N21: ▼1 | P21: Incineroar | Q21: 7 | R21: 1 | S21: 4.43 | T21: 0.14 | V21: Incineroar | W21: 8 | X21: =W21-Q21 -> 1 | Y21: 1 | Z21: =Y21-R21 -> 0 | AA21: 4.63 | AB21: =AA21-S21 -> 0.2
A22: Terry | B22: 25 | C22: 5 | D22: 4.28 | E22: 0.2 | F22: 2.1315096 | H22: Samus | I22: 102 | J22: 14 | K22: 4.25 | L22: =J22/I22 -> 0.1372549 | M22: 2.2045689 | N22: ▼1 | P22: Inkling | Q22: 3 | R22: 0 | S22: 4 | T22: 0 | V22: Inkling | W22: 5 | X22: =W22-Q22 -> 2 | Y22: 0 | Z22: =Y22-R22 -> 0 | AA22: 4.4 | AB22: =AA22-S22 -> 0.4
A23: Falco | B23: 7 | C23: 0 | D23: 4.29 | E23: 0 | F23: 2.3603874 | H23: Terry | I23: 25 | J23: 5 | K23: 4.28 | L23: =J23/I23 -> 0.2 | M23: 2.1315096 | N23: ▼1 | P23: Isabelle | Q23: 7 | R23: 3 | S23: 3.29 | T23: 0.43 | V23: Isabelle | W23: 10 | X23: =W23-Q23 -> 3 | Y23: 3 | Z23: =Y23-R23 -> 0 | AA23: 4.3 | AB23: =AA23-S23 -> 1.01
A24: Kirby | B24: 28 | C24: 4 | D24: 4.29 | E24: 0.14 | F24: 2.208689 | H24: Kirby | I24: 28 | J24: 4 | K24: 4.29 | L24: =J24/I24 -> 0.14285714 | M24: 2.208689 | P24: Jigglypuff | Q24: 13 | R24: 0 | S24: 4.62 | T24: 0 | V24: Jigglypuff | W24: 17 | X24: =W24-Q24 -> 4 | Y24: 1 | Z24: =Y24-R24 -> 1 | AA24: 4 | AB24: =AA24-S24 -> -0.62
A25: Isabelle | B25: 10 | C25: 3 | D25: 4.3 | E25: 0.3 | F25: 2.7100635 | H25: Isabelle | I25: 10 | J25: 3 | K25: 4.3 | L25: =J25/I25 -> 0.3 | M25: 2.7100635 | P25: Joker | Q25: 8 | R25: 2 | S25: 4.5 | T25: 0.25 | V25: Joker | W25: 9 | X25: =W25-Q25 -> 1 | Y25: 2 | Z25: =Y25-R25 -> 0 | AA25: 4.2 | AB25: =AA25-S25 -> -0.3
A26: Ness | B26: 38 | C26: 4 | D26: 4.32 | E26: 0.11 | F26: 2.1683144 | G26: ▲1 | H26: Lucas | I26: 6 | J26: 0 | K26: 4.33 | L26: =J26/I26 -> 0 | M26: 2.2509257 | N26: ▲1 | P26: Kazuya | Q26: 3 | R26: 1 | S26: 3.33 | T26: 0.33 | V26: Kazuya | W26: 6 | X26: =W26-Q26 -> 3 | Y26: 1 | Z26: =Y26-R26 -> 0 | AA26: 3.5 | AB26: =AA26-S26 -> 0.17
A27: Lucas | B27: 6 | C27: 0 | D27: 4.33 | E27: 0 | F27: 2.2509257 | H27: Palutena | I27: 6 | J27: 0 | K27: 4.33 | L27: =J27/I27 -> 0 | M27: 2.3380904 | N27: ▲1 | P27: Ken | Q27: 9 | R27: 0 | S27: 6.11 | T27: 0 | V27: Ken | W27: 12 | X27: =W27-Q27 -> 3 | Y27: 1 | Z27: =Y27-R27 -> 1 | AA27: 5.83 | AB27: =AA27-S27 -> -0.28
A28: Palutena | B28: 6 | C28: 0 | D28: 4.33 | E28: 0 | F28: 2.3380904 | H28: Wii Fit Trainer | I28: 6 | J28: 0 | K28: 4.33 | L28: =J28/I28 -> 0 | M28: 1.6329932 | N28: ▲1 | P28: King Dedede | Q28: 61 | R28: 13 | S28: 4.11 | T28: 0.21 | V28: King Dedede | W28: 72 | X28: =W28-Q28 -> 11 | Y28: 16 | Z28: =Y28-R28 -> 3 | AA28: 4.1 | AB28: =AA28-S28 -> -0.01
A29: Wii Fit Trainer | B29: 6 | C29: 0 | D29: 4.33 | E29: 0 | F29: 1.6329932 | H29: Bayonetta | I29: 25 | J29: 2 | K29: 4.4 | L29: =J29/I29 -> 0.08 | M29: 2.3273733 | N29: ▲5🚀 | P29: King K Rool | Q29: 10 | R29: 1 | S29: 5 | T29: 0.1 | V29: King K Rool | W29: 20 | X29: =W29-Q29 -> 10 | Y29: 1 | Z29: =Y29-R29 -> 0 | AA29: 4.95 | AB29: =AA29-S29 -> -0.05
A30: Pikachu | B30: 18 | C30: 1 | D30: 4.39 | E30: 0.06 | F30: 2.1458274 | H30: Hero | I30: 5 | J30: 0 | K30: 4.4 | L30: =J30/I30 -> 0 | M30: 1.9493589 | N30: ▲1 | P30: Kirby | Q30: 24 | R30: 3 | S30: 4.29 | T30: 0.13 | V30: Kirby | W30: 28 | X30: =W30-Q30 -> 4 | Y30: 4 | Z30: =Y30-R30 -> 1 | AA30: 4.29 | AB30: =AA30-S30 -> 0
A31: Hero | B31: 5 | C31: 0 | D31: 4.4 | E31: 0 | F31: 1.9493589 | H31: Inkling | I31: 5 | J31: 0 | K31: 4.4 | L31: =J31/I31 -> 0 | M31: 2.607681 | N31: ▲1 | P31: Link | Q31: 6 | R31: 1 | S31: 4.17 | T31: 0.17 | V31: Link | W31: 6 | X31: =W31-Q31 -> 0 | Y31: 1 | Z31: =Y31-R31 -> 0 | AA31: 4.17 | AB31: =AA31-S31 -> 0
A32: Inkling | B32: 5 | C32: 0 | D32: 4.4 | E32: 0 | F32: 2.607681 | H32: Pikachu | I32: 20 | J32: 1 | K32: 4.4 | L32: =J32/I32 -> 0.05 | M32: 2.0875571 | N32: ▼2 | P32: Little Mac | Q32: 3 | R32: 0 | S32: 5.33 | T32: 0 | V32: Little Mac | W32: 9 | X32: =W32-Q32 -> 6 | Y32: 0 | Z32: =Y32-R32 -> 0 | AA32: 6.11 | AB32: =AA32-S32 -> 0.78
A33: Incineroar | B33: 7 | C33: 1 | D33: 4.43 | E33: 0.14 | F33: 1.7728105 | G33: ▲1 | H33: Ness | I33: 41 | J33: 5 | K33: 4.41 | L33: =J33/I33 -> 0.12195122 | M33: 2.2690924 | N33: ▼7💀 | P33: Lucario | Q33: 11 | R33: 2 | S33: 3.45 | T33: 0.18 | V33: Lucario | W33: 33 | X33: =W33-Q33 -> 22 | Y33: 8 | Z33: =Y33-R33 -> 6 | AA33: 3.55 | AB33: =AA33-S33 -> 0.1
A34: Bayonetta | B34: 22 | C34: 2 | D34: 4.45 | E34: 0.09 | F34: 2.4635876 | G34: ▲1 | H34: Sonic | I34: 9 | J34: 2 | K34: 4.44 | L34: =J34/I34 -> 0.22222222 | M34: 2.7888668 | N34: ▲7🚀 | P34: Lucas | Q34: 3 | R34: 0 | S34: 4.33 | T34: 0 | V34: Lucas | W34: 6 | X34: =W34-Q34 -> 3 | Y34: 0 | Z34: =Y34-R34 -> 0 | AA34: 4.33 | AB34: =AA34-S34 -> 0
A35: Corrin | B35: 41 | C35: 3 | D35: 4.46 | E35: 0.07 | F35: 2.6276914 | G35: ▼2 | H35: Corrin | I35: 41 | J35: 3 | K35: 4.46 | L35: =J35/I35 -> 0.073170732 | M35: 2.1805683 | P35: Luigi | Q35: 8 | R35: 0 | S35: 4.75 | T35: 0 | V35: Luigi | W35: 10 | X35: =W35-Q35 -> 2 | Y35: 0 | Z35: =Y35-R35 -> 0 | AA35: 4.6 | AB35: =AA35-S35 -> -0.15
A36: Princess Peach | B36: 13 | C36: 0 | D36: 4.54 | E36: 0 | F36: 1.9414507 | H36: Princess Peach | I36: 13 | J36: 0 | K36: 4.54 | L36: =J36/I36 -> 0 | M36: 1.9414507 | P36: Mario | Q36: 16 | R36: 0 | S36: 5.38 | T36: 0 | V36: Mario | W36: 19 | X36: =W36-Q36 -> 3 | Y36: 1 | Z36: =Y36-R36 -> 1 | AA36: 5.05 | AB36: =AA36-S36 -> -0.33
A37: Mr. Game & Watch | B37: 7 | C37: 0 | D37: 4.57 | E37: 0 | F37: 1.7182494 | H37: Mr. Game & Watch | I37: 7 | J37: 0 | K37: 4.57 | L37: =J37/I37 -> 0 | M37: 1.7182494 | P37: Marth | Q37: 5 | R37: 1 | S37: 3.4 | T37: 0.2 | V37: Marth | W37: 7 | X37: =W37-Q37 -> 2 | Y37: 1 | Z37: =Y37-R37 -> 0 | AA37: 4.71 | AB37: =AA37-S37 -> 1.31
A38: Luigi | B38: 10 | C38: 0 | D38: 4.6 | E38: 0 | F38: 2.0655911 | H38: Ike | I38: 10 | J38: 0 | K38: 4.6 | L38: =J38/I38 -> 0 | M38: 2.236068 | N38: ▲7🚀 | P38: Mega Man | Q38: 21 | R38: 3 | S38: 3.24 | T38: 0.14 | V38: Mega Man | W38: 36 | X38: =W38-Q38 -> 15 | Y38: 6 | Z38: =Y38-R38 -> 3 | AA38: 3.67 | AB38: =AA38-S38 -> 0.43
A39: Yoshi | B39: 14 | C39: 2 | D39: 4.64 | E39: 0.14 | F39: 2.7748874 | H39: Luigi | I39: 10 | J39: 0 | K39: 4.6 | L39: =J39/I39 -> 0 | M39: 2.0655911 | N39: ▼1 | P39: Meta Knight | Q39: 20 | R39: 1 | S39: 5.05 | T39: 0.05 | V39: Meta Knight | W39: 25 | X39: =W39-Q39 -> 5 | Y39: 1 | Z39: =Y39-R39 -> 0 | AA39: 5.2 | AB39: =AA39-S39 -> 0.15
A40: Marth | B40: 7 | C40: 1 | D40: 4.71 | E40: 0.14 | F40: 2.8702082 | H40: Incineroar | I40: 8 | J40: 1 | K40: 4.63 | L40: =J40/I40 -> 0.125 | M40: 1.767767 | N40: ▼7💀 | P40: Mewtwo | Q40: 3 | R40: 0 | S40: 4.33 | T40: 0 | V40: Mewtwo | W40: 5 | X40: =W40-Q40 -> 2 | Y40: 0 | Z40: =Y40-R40 -> 0 | AA40: 4.2 | AB40: =AA40-S40 -> -0.13
A41: Sonic | B41: 8 | C41: 2 | D41: 4.75 | E41: 0.25 | F41: 2.8157719 | H41: Yoshi | I41: 14 | J41: 2 | K41: 4.64 | L41: =J41/I41 -> 0.14285714 | M41: 2.7748874 | N41: ▼2 | V41: Mii Gunner | W41: 5 | X41: =W41-Q41 -> 5 | Y41: 0 | Z41: =Y41-R41 -> 0 | AA41: 5 | AB41: =AA41-S41 -> 5
A42: Cloud | B42: 14 | C42: 2 | D42: 4.79 | E42: 0.14 | F42: 2.1942524 | H42: Snake | I42: 10 | J42: 2 | K42: 4.7 | L42: =J42/I42 -> 0.2 | M42: 2.6687492 | N42: ▲13🚀🚀🚀 | P42: Mii Swordfighter | Q42: 3 | R42: 0 | S42: 4 | T42: 0 | V42: Mii Sword Fighter | W42: 5 | X42: =W42-Q42 -> 2 | Y42: 1 | Z42: =Y42-R42 -> 1 | AA42: 4 | AB42: =AA42-S42 -> 0
A43: Young Link | B43: 5 | C43: 1 | D43: 4.8 | E43: 0.2 | F43: 2.3731557 | H43: Marth | I43: 7 | J43: 1 | K43: 4.71 | L43: =J43/I43 -> 0.14285714 | M43: 2.8702082 | N43: ▼3 | P43: Mr. Game & Watch | Q43: 7 | R43: 0 | S43: 4.57 | T43: 0 | V43: Mr. Game & Watch | W43: 7 | X43: =W43-Q43 -> 0 | Y43: 0 | Z43: =Y43-R43 -> 0 | AA43: 4.57 | AB43: =AA43-S43 -> 0
A44: Pichu | B44: 11 | C44: 2 | D44: 4.82 | E44: 0.18 | F44: 2.5226249 | H44: Olimar | I44: 7 | J44: 0 | K44: 4.71 | L44: =J44/I44 -> 0 | M44: 1.7043362 | N44: ▲6🚀 | P44: Ness | Q44: 15 | R44: 1 | S44: 4.73 | T44: 0.07 | V44: Ness | W44: 41 | X44: =W44-Q44 -> 26 | Y44: 5 | Z44: =Y44-R44 -> 4 | AA44: 4.41 | AB44: =AA44-S44 -> -0.32
A45: Ike | B45: 7 | C45: 0 | D45: 4.86 | E45: 0 | F45: 2.4494897 | G45: ▲1 | H45: Pac Man | I45: 7 | J45: 0 | K45: 4.71 | L45: =J45/I45 -> 0 | M45: 1.8898224 | N45: ▲13🚀🚀🚀 | P45: Olimar | Q45: 5 | R45: 0 | S45: 5.4 | T45: 0 | V45: Olimar | W45: 7 | X45: =W45-Q45 -> 2 | Y45: 0 | Z45: =Y45-R45 -> 0 | AA45: 4.71 | AB45: =AA45-S45 -> -0.69
A46: King K Rool | B46: 20 | C46: 1 | D46: 4.95 | E46: 0.05 | F46: 2.1392325 | G46: ▼1 | H46: Cloud | I46: 14 | J46: 2 | K46: 4.79 | L46: =J46/I46 -> 0.14285714 | M46: 2.4235566 | N46: ▼4 | P46: Pac Man | Q46: 3 | R46: 0 | S46: 5 | T46: 0 | V46: Pac Man | W46: 7 | X46: =W46-Q46 -> 4 | Y46: 0 | Z46: =Y46-R46 -> 0 | AA46: 4.71 | AB46: =AA46-S46 -> -0.29
A47: Banjo-Kazooie | B47: 7 | C47: 0 | D47: 5 | E47: 0 | F47: 2.3664319 | H47: Young Link | I47: 5 | J47: 1 | K47: 4.8 | L47: =J47/I47 -> 0.2 | M47: 2.3731557 | N47: ▼4 | P47: Palutena | Q47: 3 | R47: 0 | S47: 4 | T47: 0 | V47: Palutena | W47: 6 | X47: =W47-Q47 -> 3 | Y47: 0 | Z47: =Y47-R47 -> 0 | AA47: 4.33 | AB47: =AA47-S47 -> 0.33
A48: Greninja | B48: 5 | C48: 1 | D48: 5 | E48: 0.2 | F48: 2.236068 | H48: Pichu | I48: 11 | J48: 2 | K48: 4.82 | L48: =J48/I48 -> 0.18181818 | M48: 2.5226249 | N48: ▼4 | P48: Pichu | Q48: 6 | R48: 1 | S48: 5 | T48: 0.17 | V48: Pichu | W48: 11 | X48: =W48-Q48 -> 5 | Y48: 2 | Z48: =Y48-R48 -> 1 | AA48: 4.82 | AB48: =AA48-S48 -> -0.18
A49: Mii Gunner | B49: 5 | C49: 0 | D49: 5 | E49: 0 | F49: 2 | H49: King K Rool | I49: 20 | J49: 1 | K49: 4.95 | L49: =J49/I49 -> 0.05 | M49: 2.1392325 | N49: ▼3 | P49: Pikachu | Q49: 8 | R49: 0 | S49: 5.25 | T49: 0 | V49: Pikachu | W49: 20 | X49: =W49-Q49 -> 12 | Y49: 1 | Z49: =Y49-R49 -> 1 | AA49: 4.4 | AB49: =AA49-S49 -> -0.85
A50: Olimar | B50: 6 | C50: 0 | D50: 5 | E50: 0 | F50: 1.6733201 | H50: Banjo-Kazooie | I50: 7 | J50: 0 | K50: 5 | L50: =J50/I50 -> 0 | M50: 2.3664319 | N50: ▼3 | P50: Piranha Plant | Q50: 6 | R50: 0 | S50: 3.83 | T50: 0 | V50: Piranha Plant | W50: 8 | X50: =W50-Q50 -> 2 | Y50: 0 | Z50: =Y50-R50 -> 0 | AA50: 4.25 | AB50: =AA50-S50 -> 0.42
A51: Pyra/Mythra | B51: 8 | C51: 0 | D51: 5 | E51: 0 | F51: 2.3904572 | H51: Ganondorf | I51: 42 | J51: 3 | K51: 5 | L51: =J51/I51 -> 0.071428571 | M51: 2.1609054 | N51: ▲6🚀 | P51: Pit | Q51: 3 | R51: 1 | S51: 3.67 | T51: 0.33 | V51: Pit | W51: 9 | X51: =W51-Q51 -> 6 | Y51: 1 | Z51: =Y51-R51 -> 0 | AA51: 3.89 | AB51: =AA51-S51 -> 0.22
A52: Robin | B52: 6 | C52: 0 | D52: 5 | E52: 0 | F52: 2 | H52: Greninja | I52: 5 | J52: 1 | K52: 5 | L52: =J52/I52 -> 0.2 | M52: 2.236068 | N52: ▼3 | P52: Pokemon Trainer | Q52: 3 | R52: 0 | S52: 4.67 | T52: 0 | V52: Pokemon Trainer | W52: 14 | X52: =W52-Q52 -> 11 | Y52: 2 | Z52: =Y52-R52 -> 2 | AA52: 3.86 | AB52: =AA52-S52 -> -0.81
A53: Roy | B53: 7 | C53: 1 | D53: 5 | E53: 0.14 | F53: 2.3094011 | H53: Mii Gunner | I53: 5 | J53: 0 | K53: 5 | L53: =J53/I53 -> 0 | M53: 2 | N53: ▼3 | P53: Princess Peach | Q53: 9 | R53: 0 | S53: 4.44 | T53: 0 | V53: Princess Peach | W53: 13 | X53: =W53-Q53 -> 4 | Y53: 0 | Z53: =Y53-R53 -> 0 | AA53: 4.54 | AB53: =AA53-S53 -> 0.1
A54: Mario | B54: 19 | C54: 1 | D54: 5.05 | E54: 0.05 | F54: 2.296705 | H54: Pyra/Mythra | I54: 8 | J54: 0 | K54: 5 | L54: =J54/I54 -> 0 | M54: 2.3904572 | N54: ▼3 | P54: Pyra/Mythra | Q54: 3 | R54: 0 | S54: 5.33 | T54: 0 | V54: Pyra/Mythra | W54: 8 | X54: =W54-Q54 -> 5 | Y54: 0 | Z54: =Y54-R54 -> 0 | AA54: 5 | AB54: =AA54-S54 -> -0.33
A55: Snake | B55: 9 | C55: 1 | D55: 5.11 | E55: 0.11 | F55: 2.4720662 | G55: ▲1 | H55: Robin | I55: 6 | J55: 0 | K55: 5 | L55: =J55/I55 -> 0 | M55: 2 | N55: ▼3 | P55: R.O.B. | Q55: 10 | R55: 0 | S55: 4.6 | T55: 0 | V55: R.O.B. | W55: 15 | X55: =W55-Q55 -> 5 | Y55: 0 | Z55: =Y55-R55 -> 0 | AA55: 5.33 | AB55: =AA55-S55 -> 0.73
A56: Wolf | B56: 7 | C56: 1 | D56: 5.14 | E56: 0.14 | F56: 2.7945525 | G56: ▲1 | H56: Roy | I56: 7 | J56: 1 | K56: 5 | L56: =J56/I56 -> 0.14285714 | M56: 2.3094011 | N56: ▼3 | P56: Ridley | Q56: 6 | R56: 1 | S56: 5.17 | T56: 0.17 | V56: Ridley | W56: 6 | X56: =W56-Q56 -> 0 | Y56: 1 | Z56: =Y56-R56 -> 0 | AA56: 5.17 | AB56: =AA56-S56 -> 0
A57: Ganondorf | B57: 36 | C57: 3 | D57: 5.17 | E57: 0.08 | F57: 2.2638463 | G57: ▼2 | H57: Mario | I57: 19 | J57: 1 | K57: 5.05 | L57: =J57/I57 -> 0.052631579 | M57: 2.296705 | N57: ▼3 | P57: Robin | Q57: 3 | R57: 0 | S57: 5.33 | T57: 0 | V57: Robin | W57: 6 | X57: =W57-Q57 -> 3 | Y57: 0 | Z57: =Y57-R57 -> 0 | AA57: 5 | AB57: =AA57-S57 -> -0.33
A58: Pac Man | B58: 6 | C58: 0 | D58: 5.17 | E58: 0 | F58: 1.602082 | H58: Wolf | I58: 7 | J58: 1 | K58: 5.14 | L58: =J58/I58 -> 0.14285714 | M58: 2.7945525 | N58: ▼2 | P58: Rosalina | Q58: 4 | R58: 0 | S58: 5.75 | T58: 0 | V58: Rosalina | W58: 8 | X58: =W58-Q58 -> 4 | Y58: 0 | Z58: =Y58-R58 -> 0 | AA58: 5.63 | AB58: =AA58-S58 -> -0.12
A59: Ridley | B59: 6 | C59: 1 | D59: 5.17 | E59: 0.17 | F59: 2.4832774 | H59: Ridley | I59: 6 | J59: 1 | K59: 5.17 | L59: =J59/I59 -> 0.16666667 | M59: 2.4832774 | P59: Roy | Q59: 4 | R59: 0 | S59: 5.25 | T59: 0 | V59: Roy | W59: 7 | X59: =W59-Q59 -> 3 | Y59: 1 | Z59: =Y59-R59 -> 1 | AA59: 5 | AB59: =AA59-S59 -> -0.25
A60: Ice-Climbers | B60: 5 | C60: 0 | D60: 5.2 | E60: 0 | F60: 1.7888544 | H60: Sheik | I60: 6 | J60: 0 | K60: 5.17 | L60: =J60/I60 -> 0 | M60: 1.9407902 | N60: New Trash | P60: Ryu | Q60: 4 | R60: 0 | S60: 5.5 | T60: 0 | V60: Ryu | W60: 6 | X60: =W60-Q60 -> 2 | Y60: 0 | Z60: =Y60-R60 -> 0 | AA60: 5.67 | AB60: =AA60-S60 -> 0.17
A61: R.O.B. | B61: 14 | C61: 0 | D61: 5.21 | E61: 0 | F61: 2.0821059 | H61: Ice-Climbers | I61: 5 | J61: 0 | K61: 5.2 | L61: =J61/I61 -> 0 | M61: 1.7888544 | N61: ▼1 | P61: Samus | Q61: 58 | R61: 9 | S61: 4.19 | T61: 0.16 | V61: Samus | W61: 102 | X61: =W61-Q61 -> 44 | Y61: 14 | Z61: =Y61-R61 -> 5 | AA61: 4.25 | AB61: =AA61-S61 -> 0.06
A62: Meta Knight | B62: 23 | C62: 1 | D62: 5.22 | E62: 0.04 | F62: 2.13108 | H62: Meta Knight | I62: 25 | J62: 1 | K62: 5.2 | L62: =J62/I62 -> 0.04 | M62: 2.0412415 | P62: Sephiroth | Q62: 3 | R62: 1 | S62: 4 | T62: 0.33 | V62: Sephiroth | W62: 5 | X62: =W62-Q62 -> 2 | Y62: 1 | Z62: =Y62-R62 -> 0 | AA62: 4.2 | AB62: =AA62-S62 -> 0.2
A63: Steve | B63: 6 | C63: 0 | D63: 5.33 | E63: 0 | F63: 1.8618987 | H63: Bowser | I63: 9 | J63: 0 | K63: 5.33 | L63: =J63/I63 -> 0 | M63: 1.8708287 | N63: ▲2 | P63: Sheik | Q63: 3 | R63: 0 | S63: 5.33 | T63: 0 | V63: Sheik | W63: 6 | X63: =W63-Q63 -> 3 | Y63: 0 | Z63: =Y63-R63 -> 0 | AA63: 5.17 | AB63: =AA63-S63 -> -0.16
A64: Donkey Kong | B64: 38 | C64: 3 | D64: 5.42 | E64: 0.08 | F64: 2.3299295 | H64: R.O.B. | I64: 15 | J64: 0 | K64: 5.33 | L64: =J64/I64 -> 0 | M64: 2.0586635 | N64: ▼3 | P64: Shulk | Q64: 3 | R64: 0 | S64: 5.67 | T64: 0 | V64: Shulk | W64: 6 | X64: =W64-Q64 -> 3 | Y64: 0 | Z64: =Y64-R64 -> 0 | AA64: 6 | AB64: =AA64-S64 -> 0.33
A65: Bowser | B65: 8 | C65: 0 | D65: 5.5 | E65: 0 | F65: 1.9272482 | H65: Steve | I65: 6 | J65: 0 | K65: 5.33 | L65: =J65/I65 -> 0 | M65: 1.8618987 | N65: ▼2 | P65: Simon | Q65: 3 | R65: 0 | S65: 5.33 | T65: 0 | V65: Simon | W65: 10 | X65: =W65-Q65 -> 7 | Y65: 0 | Z65: =Y65-R65 -> 0 | AA65: 6.2 | AB65: =AA65-S65 -> 0.87
A66: Dr. Mario | B66: 8 | C66: 1 | D66: 5.5 | E66: 0.13 | F66: 2.3021729 | H66: Donkey Kong | I66: 38 | J66: 3 | K66: 5.42 | L66: =J66/I66 -> 0.078947368 | M66: 2.1514493 | N66: ▼2 | P66: Snake | Q66: 9 | R66: 1 | S66: 5.11 | T66: 0.11 | V66: Snake | W66: 10 | X66: =W66-Q66 -> 1 | Y66: 2 | Z66: =Y66-R66 -> 1 | AA66: 4.7 | AB66: =AA66-S66 -> -0.41
A67: Zero Suit Samus | B67: 6 | C67: 0 | D67: 5.5 | E67: 0 | F67: 2.1679483 | H67: Dr. Mario | I67: 8 | J67: 1 | K67: 5.5 | L67: =J67/I67 -> 0.125 | M67: 2.0655911 | N67: ▼1 | P67: Sonic | Q67: 7 | R67: 2 | S67: 4.29 | T67: 0.29 | V67: Sonic | W67: 9 | X67: =W67-Q67 -> 2 | Y67: 2 | Z67: =Y67-R67 -> 0 | AA67: 4.44 | AB67: =AA67-S67 -> 0.15
A68: Bowser Jr. | B68: 5 | C68: 0 | D68: 5.6 | E68: 0 | F68: 1.8165902 | H68: Zero Suit Samus | I68: 6 | J68: 0 | K68: 5.5 | L68: =J68/I68 -> 0 | M68: 2.1679483 | N68: ▼1 | P68: Steve | Q68: 3 | R68: 0 | S68: 5.67 | T68: 0 | V68: Steve | W68: 6 | X68: =W68-Q68 -> 3 | Y68: 0 | Z68: =Y68-R68 -> 0 | AA68: 5.33 | AB68: =AA68-S68 -> -0.34
A69: Duck Hunt | B69: 5 | C69: 0 | D69: 5.6 | E69: 0 | F69: 2.0304984 | H69: Bowser Jr. | I69: 5 | J69: 0 | K69: 5.6 | L69: =J69/I69 -> 0 | M69: 1.8165902 | N69: ▼1 | P69: Terry | Q69: 22 | R69: 5 | S69: 3.95 | T69: 0.23 | V69: Terry | W69: 25 | X69: =W69-Q69 -> 3 | Y69: 5 | Z69: =Y69-R69 -> 0 | AA69: 4.28 | AB69: =AA69-S69 -> 0.33
A70: Rosalina | B70: 8 | C70: 0 | D70: 5.63 | E70: 0 | F70: 2.445842 | H70: Rosalina | I70: 8 | J70: 0 | K70: 5.63 | L70: =J70/I70 -> 0 | M70: 2.445842 | P70: Toon Link | Q70: 4 | R70: 0 | S70: 4.25 | T70: 0 | V70: Toon Link | W70: 5 | X70: =W70-Q70 -> 1 | Y70: 0 | Z70: =Y70-R70 -> 0 | AA70: 4.2 | AB70: =AA70-S70 -> -0.05
A71: Ryu | B71: 6 | C71: 0 | D71: 5.67 | E71: 0 | F71: 1.9663842 | H71: Duck Hunt | I71: 6 | J71: 0 | K71: 5.67 | L71: =J71/I71 -> 0 | M71: 2.3299295 | N71: ▼2 | P71: Villager | Q71: 20 | R71: 5 | S71: 3.9 | T71: 0.25 | V71: Villager | W71: 41 | X71: =W71-Q71 -> 21 | Y71: 14 | Z71: =Y71-R71 -> 9 | AA71: 3.68 | AB71: =AA71-S71 -> -0.22
A72: Shulk | B72: 5 | C72: 0 | D72: 5.8 | E72: 0 | F72: 2.1679483 | H72: Ryu | I72: 6 | J72: 0 | K72: 5.67 | L72: =J72/I72 -> 0 | M72: 1.9663842 | N72: ▼1 | P72: Wario | Q72: 9 | R72: 2 | S72: 4.11 | T72: 0.22 | V72: Wario | W72: 10 | X72: =W72-Q72 -> 1 | Y72: 2 | Z72: =Y72-R72 -> 0 | AA72: 4 | AB72: =AA72-S72 -> -0.11
A73: Fox | B73: 11 | C73: 1 | D73: 5.82 | E73: 0.09 | F73: 2.3159526 | H73: Fox | I73: 11 | J73: 1 | K73: 5.82 | L73: =J73/I73 -> 0.090909091 | M73: 2.3159526 | P73: Wii Fit Trainer | Q73: 4 | R73: 0 | S73: 4 | T73: 0 | V73: Wii Fit Trainer | W73: 6 | X73: =W73-Q73 -> 2 | Y73: 0 | Z73: =Y73-R73 -> 0 | AA73: 4.33 | AB73: =AA73-S73 -> 0.33
A74: Ken | B74: 12 | C74: 1 | D74: 5.83 | E74: 0.08 | F74: 2.1248886 | H74: Ken | I74: 12 | J74: 1 | K74: 5.83 | L74: =J74/I74 -> 0.083333333 | M74: 2.1248886 | P74: Wolf | Q74: 5 | R74: 1 | S74: 5.4 | T74: 0.2 | V74: Wolf | W74: 7 | X74: =W74-Q74 -> 2 | Y74: 1 | Z74: =Y74-R74 -> 0 | AA74: 5.14 | AB74: =AA74-S74 -> -0.26
A75: Little Mac | B75: 8 | C75: 0 | D75: 5.88 | E75: 0 | F75: 2.1001701 | H75: Shulk | I75: 6 | J75: 0 | K75: 6 | L75: =J75/I75 -> 0 | M75: 2 | N75: ▼3 | P75: Yoshi | Q75: 12 | R75: 1 | S75: 4.67 | T75: 0.08 | V75: Yoshi | W75: 14 | X75: =W75-Q75 -> 2 | Y75: 2 | Z75: =Y75-R75 -> 1 | AA75: 4.64 | AB75: =AA75-S75 -> -0.03
A76: Simon | B76: 10 | C76: 0 | D76: 6.2 | E76: 0 | F76: 2.1499354 | G76: Quest to reclaim the buylist throne | H76: Little Mac | I76: 9 | J76: 0 | K76: 6.11 | L76: =J76/I76 -> 0 | M76: 2.0883273 | N76: ▼1 | P76: Young Link | Q76: 4 | R76: 1 | S76: 5.25 | T76: 0.25 | V76: Young Link | W76: 5 | X76: =W76-Q76 -> 1 | Y76: 1 | Z76: =Y76-R76 -> 0 | AA76: 4.8 | AB76: =AA76-S76 -> -0.45
A77: Diddy Kong | B77: 7 | C77: 1 | D77: 6.29 | E77: 0.17 | F77: 2.1514493 | G77: Buylist Throne | H77: Simon | I77: 10 | J77: 0 | K77: 6.2 | L77: =J77/I77 -> 0 | M77: 2.1499354 | N77: Quest to reclaim the buylist throne | P77: Zelda | Q77: 4 | R77: 1 | S77: 4 | T77: 0.25 | V77: Zelda | W77: 19 | X77: =W77-Q77 -> 15 | Y77: 4 | Z77: =Y77-R77 -> 3 | AA77: 3.84 | AB77: =AA77-S77 -> -0.16
H78: Diddy Kong | I78: 11 | J78: 1 | K78: 6.45 | L78: =J78/I78 -> 0.090909091 | M78: 2.296242 | N78: I can't believe Diddy is still lowering his avg | P78: Zero Suit Samus | Q78: 6 | R78: 0 | S78: 5.5 | T78: 0 | V78: Zero Suit Samus | W78: 6 | X78: =W78-Q78 -> 0 | Y78: 0 | Z78: =Y78-R78 -> 0 | AA78: 5.5 | AB78: =AA78-S78 -> 0

Sheet Prep 3.0
A1: 45689 | B1: 45689 | C1: 45689 | D1: 45689 | E1: 45689 | F1: 45689 | G1: 45689 | H1: 45694 | I1: 45701 | J1: 45701
A2: Palutena | B2: Mega Man | C2: Luigi | D2: Byleth | E2: Isabelle | F2: Piranha Plant | G2: Luigi | H2: King Dedede | I2: Byleth | J2: Mr. Game & Watch
A3: Piranha Plant | B3: Hero | C3: Samus | D3: Samus | E3: Bowser | F3: King Dedede | G3: Banjo-Kazooie | H3: Donkey Kong | I3: Samus | J3: Wii Fit Trainer
A4: Villager | B4: Sephiroth | C4: Bayonetta | D4: Luigi | E4: Incineroar | F4: Luigi | G4: Hero | H4: Sonic | I4: Villager | J4: Samus
A5: Pikachu | B5: Byleth | C5: Pikachu | D5: Snake | E5: Piranha Plant | F5: Villager | G5: Bowser | H5: Zero Suit Samus | I5: Bowser | J5: Luigi
A6: Mr. Game & Watch | B6: Luigi | C6: Simon | D6: Dr. Mario | E6: Pikachu | F6: Mega Man | G6: Mega Man | H6: King K. Rool | I6: Mr. Game & Watch | J6: Meta Knight
A7: Sephiroth | B7: Villager | C7: Dark Samus | D7: Wario | E7: Mr. Game & Watch | F7: Pyra/Mythra | G7: King Dedede | H7: Wolf | I7: Meta Knight | J7: Hero
A8: Lucario | B8: Min Min | C8: Byleth | D8: Simon | E8: Joker | F8: Hero | G8: Piranha Plant | H8: Pikachu | I8: Wii Fit Trainer | J8: Villager
A9: Daisy | B9: King Dedede | C9: Snake | D9: Diddy Kong | E9: Villager | F9: Sephiroth | G9: Joker | H9: Pac Man | I9: Roy | J9: Bowser
A12: Character | B12: Top 8's | C12: Trophies | D12: Avg Position | E12: Total | F12: Trophy Rate | G12: STD | J12: Character | K12: Top 8's | L12: Trophies | M12: Avg Position | O12: Trophy Rate | P12: Wager Trophies
A13: Banjo-Kazooie | B13: 18 | C13: 1 | D13: =E13/B13 -> 4.1666667 | E13: 75 | F13: =C13/B13 -> 0.055555556 | G13: 2.3664319 | J13: Banjo-Kazooie | K13: 18 | L13: 1 | M13: =N13/K13 -> 4.1666667 | N13: 75 | O13: =L13/K13 -> 0.055555556 | P13: Trash
A14: Bayonetta | B14: 44 | C14: 3 | D14: =E14/B14 -> 4.0909091 | E14: 180 | F14: =C14/B14 -> 0.068181818 | G14: 2.3273733 | J14: Bayonetta | K14: 44 | L14: 3 | M14: =N14/K14 -> 4.0909091 | N14: 180 | O14: =L14/K14 -> 0.068181818 | P14: Trash
A15: Bowser | B15: 47 | C15: 3 | D15: =E15/B15 -> 5.106383 | E15: 240 | F15: =C15/B15 -> 0.063829787 | G15: 1.8708287 | J15: Bowser | K15: 47 | L15: 3 | M15: =N15/K15 -> 5.106383 | N15: 240 | O15: =L15/K15 -> 0.063829787 | P15: Trash
A16: Bowser Jr. | B16: 11 | C16: 0 | D16: =E16/B16 -> 5.3636364 | E16: 59 | F16: =C16/B16 -> 0 | G16: 1.8165902 | J16: Bowser Jr. | K16: 11 | L16: 0 | M16: =N16/K16 -> 5.3636364 | N16: 59 | O16: =L16/K16 -> 0 | P16: Trash
A17: Byleth | B17: 59 | C17: 20 | D17: =E17/B17 -> 3.1186441 | E17: 184 | F17: =C17/B17 -> 0.33898305 | G17: 2.0304984 | J17: Byleth | K17: 59 | L17: 20 | M17: =N17/K17 -> 3.1186441 | N17: 184 | O17: =L17/K17 -> 0.33898305 | P17: Trash
A18: Captain Falcon | B18: 42 | C18: 5 | D18: =E18/B18 -> 4.5238095 | E18: 190 | F18: =C18/B18 -> 0.11904762 | G18: 2.4994623 | J18: Captain Falcon | K18: 42 | L18: 5 | M18: =N18/K18 -> 4.5238095 | N18: 190 | O18: =L18/K18 -> 0.11904762 | P18: Trash
A19: Cloud | B19: 19 | C19: 2 | D19: =E19/B19 -> 4.7894737 | E19: 91 | F19: =C19/B19 -> 0.10526316 | G19: 2.4235566 | J19: Cloud | K19: 19 | L19: 2 | M19: =N19/K19 -> 4.7894737 | N19: 91 | O19: =L19/K19 -> 0.10526316 | P19: Trash
A20: Corrin | B20: 45 | C20: 3 | D20: =E20/B20 -> 4.7111111 | E20: 212 | F20: =C20/B20 -> 0.066666667 | G20: 2.1805683 | J20: Corrin | K20: 45 | L20: 3 | M20: =N20/K20 -> 4.7111111 | N20: 212 | O20: =L20/K20 -> 0.066666667 | P20: Trash
A21: Diddy Kong | B21: 27 | C21: 3 | D21: =E21/B21 -> 5.4074074 | E21: 146 | F21: =C21/B21 -> 0.11111111 | G21: 2.296242 | J21: Diddy Kong | K21: 27 | L21: 3 | M21: =N21/K21 -> 5.4074074 | N21: 146 | O21: =L21/K21 -> 0.11111111 | P21: Trash
A22: Donkey Kong | B22: 41 | C22: 3 | D22: =E22/B22 -> 5.2439024 | E22: 215 | F22: =C22/B22 -> 0.073170732 | G22: 2.1514493 | J22: Donkey Kong | K22: 41 | L22: 3 | M22: =N22/K22 -> 5.2439024 | N22: 215 | O22: =L22/K22 -> 0.073170732 | P22: Trash
A23: Dr. Mario | B23: 12 | C23: 1 | D23: =E23/B23 -> 5.1666667 | E23: 62 | F23: =C23/B23 -> 0.083333333 | G23: 2.3299295 | J23: Dr. Mario | K23: 12 | L23: 1 | M23: =N23/K23 -> 5.1666667 | N23: 62 | O23: =L23/K23 -> 0.083333333 | P23: Trash
A24: Duck Hunt | B24: 13 | C24: 0 | D24: =E24/B24 -> 5.0769231 | E24: 66 | F24: =C24/B24 -> 0 | G24: 2.0655911 | J24: Duck Hunt | K24: 13 | L24: 0 | M24: =N24/K24 -> 5.0769231 | N24: 66 | O24: =L24/K24 -> 0 | P24: Trash
... A33: Inkling | B33: 11 | C33: 0 | D33: =E33/B33 -> 4.3636364 | E33: 48 | F33: =C33/B33 -> 0 | G33: 2.607681 | J33: Inkling | K33: 11 | L33: 0 | M33: =N33/K33 -> 4.3636364 | N33: 48 | O33: =L33/K33 -> 0 | P33: Trash
A34: Isabelle | B34: 16 | C34: 5 | D34: =E34/B34 -> 3.9375 | E34: 63 | F34: =C34/B34 -> 0.3125 | G34: 2.7100635 | J34: Isabelle | K34: 16 | L34: 5 | M34: =N34/K34 -> 3.9375 | N34: 63 | O34: =L34/K34 -> 0.3125 | P34: 1
A35: Jigglypuff | B35: 24 | C35: 1 | D35: =E35/B35 -> 4.5416667 | E35: 109 | F35: =C35/B35 -> 0.041666667 | G35: 2.5495098 | J35: Jigglypuff | K35: 24 | L35: 1 | M35: =N35/K35 -> 4.5416667 | N35: 109 | O35: =L35/K35 -> 0.041666667 | P35: Trash
A36: Joker | B36: 14 | C36: 2 | D36: =E36/B36 -> 5.1428571 | E36: 72 | F36: =C36/B36 -> 0.14285714 | G36: 2.7284509 | J36: Joker | K36: 14 | L36: 2 | M36: =N36/K36 -> 5.1428571 | N36: 72 | O36: =L36/K36 -> 0.14285714 | P36: Trash
A37: Kazuya | B37: 6 | C37: 1 | D37: =E37/B37 -> 3.5 | E37: 21 | F37: =C37/B37 -> 0.16666667 | G37: 2.0736441 | J37: Ken/Ryu | K37: 23 | L37: 1 | M37: =N37/K37 -> 5.9565217 | N37: 137 | O37: =L37/K37 -> 0.043478261 | P37: Trash
A38: Ken/Ryu | B38: 23 | C38: 1 | D38: =E38/B38 -> 5.9565217 | E38: 137 | F38: =C38/B38 -> 0.043478261 | G38: 2.1248886 | J38: King Dedede | K38: 126 | L38: 24 | M38: =N38/K38 -> 4.4126984 | N38: 556 | O38: =L38/K38 -> 0.19047619 | P38: 2
A39: King Dedede | B39: 126 | C39: 24 | D39: =E39/B39 -> 4.4126984 | E39: 556 | F39: =C39/B39 -> 0.19047619 | G39: 2.369439 | J39: King K Rool | K39: 31 | L39: 2 | M39: =N39/K39 -> 4.6451613 | N39: 144 | O39: =L39/K39 -> 0.064516129 | P39: Trash
A40: King K Rool | B40: 31 | C40: 2 | D40: =E40/B40 -> 4.6451613 | E40: 144 | F40: =C40/B40 -> 0.064516129 | G40: 2.1392325 | J40: Kirby | K40: 33 | L40: 6 | M40: =N40/K40 -> 4.0606061 | N40: 134 | O40: =L40/K40 -> 0.18181818 | P40: Trash
A41: Kirby | B41: 33 | C41: 6 | D41: =E41/B41 -> 4.0606061 | E41: 134 | F41: =C41/B41 -> 0.18181818 | G41: 2.208689 | J41: Link | K41: 14 | L41: 2 | M41: =N41/K41 -> 4.2142857 | N41: 59 | O41: =L41/K41 -> 0.14285714 | P41: Trash
A42: Link | B42: 14 | C42: 2 | D42: =E42/B42 -> 4.2142857 | E42: 59 | F42: =C42/B42 -> 0.14285714 | G42: 2.6394444 | J42: Little Mac | K42: 15 | L42: 0 | M42: =N42/K42 -> 5.8 | N42: 87 | O42: =L42/K42 -> 0 | P42: Trash
A43: Little Mac | B43: 15 | C43: 0 | D43: =E43/B43 -> 5.8 | E43: 87 | F43: =C43/B43 -> 0 | G43: 2.0883273 | J43: Lucario | K43: 52 | L43: 11 | M43: =N43/K43 -> 3.8269231 | N43: 199 | O43: =L43/K43 -> 0.21153846 | P43: Trash
A44: Lucario | B44: 52 | C44: 11 | D44: =E44/B44 -> 3.8269231 | E44: 199 | F44: =C44/B44 -> 0.21153846 | G44: 2.2233267 | J44: Lucas | K44: 13 | L44: 2 | M44: =N44/K44 -> 3.7692308 | N44: 49 | O44: =L44/K44 -> 0.15384615 | P44: Trash
A45: Lucas | B45: 13 | C45: 2 | D45: =E45/B45 -> 3.7692308 | E45: 49 | F45: =C45/B45 -> 0.15384615 | G45: 2.2509257 | J45: Luigi | K45: 36 | L45: 5 | M45: =N45/K45 -> 4.2222222 | N45: 152 | O45: =L45/K45 -> 0.13888889 | P45: 1
A46: Luigi | B46: 36 | C46: 5 | D46: =E46/B46 -> 4.2222222 | E46: 152 | F46: =C46/B46 -> 0.13888889 | G46: 2.0655911 | J46: Mario | K46: 21 | L46: 1 | M46: =N46/K46 -> 5.0952381 | N46: 107 | O46: =L46/K46 -> 0.047619048 | P46: Trash
A47: Mario | B47: 21 | C47: 1 | D47: =E47/B47 -> 5.0952381 | E47: 107 | F47: =C47/B47 -> 0.047619048 | G47: 2.296705 | J47: Marth/Lucina | K47: 11 | L47: 1 | M47: =N47/K47 -> 5 | N47: 55 | O47: =L47/K47 -> 0.090909091 | P47: Trash
A48: Marth/Lucina | B48: 11 | C48: 1 | D48: =E48/B48 -> 5 | E48: 55 | F48: =C48/B48 -> 0.090909091 | G48: 2.8702082 | J48: Mega Man | K48: 67 | L48: 12 | M48: =N48/K48 -> 3.9552239 | N48: 265 | O48: =L48/K48 -> 0.17910448 | P48: Trash
A49: Mega Man | B49: 67 | C49: 12 | D49: =E49/B49 -> 3.9552239 | E49: 265 | F49: =C49/B49 -> 0.17910448 | G49: 2.1646511 | J49: Meta Knight | K49: 43 | L49: 3 | M49: =N49/K49 -> 4.6744186 | N49: 201 | O49: =L49/K49 -> 0.069767442 | P49: Trash
A50: Meta Knight | B50: 43 | C50: 3 | D50: =E50/B50 -> 4.6744186 | E50: 201 | F50: =C50/B50 -> 0.069767442 | G50: 2.0412415 | J50: Mewtwo | K50: 13 | L50: 0 | M50: =N50/K50 -> 5.5384615 | N50: 72 | O50: =L50/K50 -> 0 | P50: Trash
A51: Mewtwo | B51: 13 | C51: 0 | D51: =E51/B51 -> 5.5384615 | E51: 72 | F51: =C51/B51 -> 0 | G51: 1.3038405 | J51: Mii Swordfighter | K51: 10 | L51: 2 | M51: =N51/K51 -> 5.2 | N51: 52 | O51: =L51/K51 -> 0.2 | P51: Trash
A52: Mii Brawler | B52: 4 | C52: 0 | D52: =E52/B52 -> 5.75 | E52: 23 | F52: =C52/B52 -> 0 | J52: Mr. Game & Watch | K52: 17 | L52: 1 | M52: =N52/K52 -> 4.3529412 | N52: 74 | O52: =L52/K52 -> 0.058823529 | P52: Trash
A53: Mii Gunner | B53: 7 | C53: 0 | D53: =E53/B53 -> 4.5714286 | E53: 32 | F53: =C53/B53 -> 0 | G53: 2 | J53: Ness | K53: 71 | L53: 9 | M53: =N53/K53 -> 4.5352113 | N53: 322 | O53: =L53/K53 -> 0.12676056 | P53: Trash
A54: Mii Swordfighter | B54: 10 | C54: 2 | D54: =E54/B54 -> 5.2 | E54: 52 | F54: =C54/B54 -> 0.2 | G54: 3.2403703 | J54: Olimar | K54: 15 | L54: 3 | M54: =N54/K54 -> 4.1333333 | N54: 62 | O54: =L54/K54 -> 0.2 | P54: Trash
A55: Min Min | B55: 5 | C55: 0 | D55: =E55/B55 -> 7 | E55: 35 | F55: =C55/B55 -> 0 | G55: 0.81649658 | J55: Pac Man | K55: 10 | L55: 0 | M55: =N55/K55 -> 4.7 | N55: 47 | O55: =L55/K55 -> 0 | P55: Trash
A56: Mr. Game & Watch | B56: 17 | C56: 1 | D56: =E56/B56 -> 4.3529412 | E56: 74 | F56: =C56/B56 -> 0.058823529 | G56: 1.7182494 | J56: Palutena | K56: 16 | L56: 3 | M56: =N56/K56 -> 4 | N56: 64 | O56: =L56/K56 -> 0.1875 | P56: 1
A57: Ness | B57: 71 | C57: 9 | D57: =E57/B57 -> 4.5352113 | E57: 322 | F57: =C57/B57 -> 0.12676056 | G57: 2.2690924 | J57: Pichu | K57: 17 | L57: 3 | M57: =N57/K57 -> 4.8823529 | N57: 83 | O57: =L57/K57 -> 0.17647059 | P57: Trash
A58: Olimar | B58: 15 | C58: 3 | D58: =E58/B58 -> 4.1333333 | E58: 62 | F58: =C58/B58 -> 0.2 | G58: 1.7043362 | J58: Pikachu | K58: 47 | L58: 4 | M58: =N58/K58 -> 4.2553191 | N58: 200 | O58: =L58/K58 -> 0.085106383 | P58: Trash
A59: Pac Man | B59: 10 | C59: 0 | D59: =E59/B59 -> 4.7 | E59: 47 | F59: =C59/B59 -> 0 | G59: 1.8898224 | J59: Piranha Plant | K59: 22 | L59: 4 | M59: =N59/K59 -> 3.7272727 | N59: 82 | O59: =L59/K59 -> 0.18181818 | P59: 1
A60: Palutena | B60: 16 | C60: 3 | D60: =E60/B60 -> 4 | E60: 64 | F60: =C60/B60 -> 0.1875 | G60: 2.3380904 | J60: Pit | K60: 13 | L60: 2 | M60: =N60/K60 -> 4.0769231 | N60: 53 | O60: =L60/K60 -> 0.15384615 | P60: Trash
A61: Pichu | B61: 17 | C61: 3 | D61: =E61/B61 -> 4.8823529 | E61: 83 | F61: =C61/B61 -> 0.17647059 | G61: 2.5226249 | J61: Pokemon Trainer | K61: 18 | L61: 2 | M61: =N61/K61 -> 4.1666667 | N61: 75 | O61: =L61/K61 -> 0.11111111 | P61: Trash
A62: Pikachu | B62: 47 | C62: 4 | D62: =E62/B62 -> 4.2553191 | E62: 200 | F62: =C62/B62 -> 0.085106383 | G62: 2.0875571 | J62: Princess Peach/Daisy | K62: 20 | L62: 0 | M62: =N62/K62 -> 4.65 | N62: 93 | O62: =L62/K62 -> 0 | P62: Trash
A63: Piranha Plant | B63: 22 | C63: 4 | D63: =E63/B63 -> 3.7272727 | E63: 82 | F63: =C63/B63 -> 0.18181818 | G63: 2.0528726 | J63: Pyra/Mythra | K63: 10 | L63: 0 | M63: =N63/K63 -> 5 | N63: 50 | O63: =L63/K63 -> 0 | P63: Trash
A64: Pit | B64: 13 | C64: 2 | D64: =E64/B64 -> 4.0769231 | E64: 53 | F64: =C64/B64 -> 0.15384615 | G64: 2.4209732 | J64: Ridley | K64: 11 | L64: 1 | M64: =N64/K64 -> 5.5454545 | N64: 61 | O64: =L64/K64 -> 0.090909091 | P64: Trash
A65: Pokemon Trainer | B65: 18 | C65: 2 | D65: =E65/B65 -> 4.1666667 | E65: 75 | F65: =C65/B65 -> 0.11111111 | G65: 1.9944979 | J65: R.O.B. | K65: 22 | L65: 0 | M65: =N65/K65 -> 5.2272727 | N65: 115 | O65: =L65/K65 -> 0 | P65: Trash
A66: Princess Peach/Daisy | B66: 20 | C66: 0 | D66: =E66/B66 -> 4.65 | E66: 93 | F66: =C66/B66 -> 0 | G66: 1.9414507 | J66: Robin | K66: 10 | L66: 1 | M66: =N66/K66 -> 4.1 | N66: 41 | O66: =L66/K66 -> 0.1 | P66: Trash
A67: Pyra/Mythra | B67: 10 | C67: 0 | D67: =E67/B67 -> 5 | E67: 50 | F67: =C67/B67 -> 0 | G67: 2.3904572 | J67: Rosalina | K67: 13 | L67: 0 | M67: =N67/K67 -> 5 | N67: 65 | O67: =L67/K67 -> 0 | P67: Trash
A68: Ridley | B68: 11 | C68: 1 | D68: =E68/B68 -> 5.5454545 | E68: 61 | F68: =C68/B68 -> 0.090909091 | G68: 2.4832774 | J68: Roy/Chrom | K68: 12 | L68: 2 | M68: =N68/K68 -> 4.8333333 | N68: 58 | O68: =L68/K68 -> 0.16666667 | P68: Trash
A69: R.O.B. | B69: 22 | C69: 0 | D69: =E69/B69 -> 5.2272727 | E69: 115 | F69: =C69/B69 -> 0 | G69: 2.0586635 | J69: Samus | K69: 146 | L69: 23 | M69: =N69/K69 -> 4.0342466 | N69: 589 | O69: =L69/K69 -> 0.15753425 | P69: Trash
A70: Robin | B70: 10 | C70: 1 | D70: =E70/B70 -> 4.1 | E70: 41 | F70: =C70/B70 -> 0.1 | G70: 2 | J70: Sheik | K70: 11 | L70: 0 | M70: =N70/K70 -> 5.5454545 | N70: 61 | O70: =L70/K70 -> 0 | P70: Trash
A71: Rosalina | B71: 13 | C71: 0 | D71: =E71/B71 -> 5 | E71: 65 | F71: =C71/B71 -> 0 | G71: 2.445842 | J71: Shulk | K71: 12 | L71: 0 | M71: =N71/K71 -> 5.4166667 | N71: 65 | O71: =L71/K71 -> 0 | P71: Trash
... A84: Villager | B84: 78 | C84: 23 | D84: =E84/B84 -> 3.7051282 | E84: 289 | F84: =C84/B84 -> 0.29487179 | G84: 2.6214407 | J84: Zero Suit Samus | K84: 10 | L84: 0 | M84: =N84/K84 -> 5.7 | N84: 57 | O84: =L84/K84 -> 0 | P84: Trash
A85: Wario | B85: 16 | C85: 2 | D85: =E85/B85 -> 4.75 | E85: 76 | F85: =C85/B85 -> 0.125 | G85: 2.4494897
A86: Wii Fit Trainer | B86: 28 | C86: 3 | D86: =E86/B86 -> 3.75 | E86: 105 | F86: =C86/B86 -> 0.10714286 | G86: 1.6329932
A87: Wolf | B87: 20 | C87: 2 | D87: =E87/B87 -> 5.45 | E87: 109 | F87: =C87/B87 -> 0.1 | G87: 2.7945525
A88: Yoshi | B88: 21 | C88: 3 | D88: =E88/B88 -> 4.7142857 | E88: 99 | F88: =C88/B88 -> 0.14285714 | G88: 2.3731557
A89: Young Link | B89: 10 | C89: 1 | D89: =E89/B89 -> 4.7 | E89: 47 | F89: =C89/B89 -> 0.1 | G89: 2.7748874
A90: Zelda | B90: 28 | C90: 5 | D90: =E90/B90 -> 4.1428571 | E90: 116 | F90: =C90/B90 -> 0.17857143 | G90: 2.587645
A91: Zero Suit Samus | B91: 10 | C91: 0 | D91: =E91/B91 -> 5.7 | E91: 57 | F91: =C91/B91 -> 0 | G91: 2.1679483
A96: Ryu | B96: 7 | C96: 0 | D96: =E96/B96 -> 6 | E96: 42 | F96: =C96/B96 -> 0 | G96: 1.9663842
A97: Ken | B97: 13 | C97: 1 | D97: =E97/B97 -> 5.8461538 | E97: 76 | F97: =C97/B97 -> 0.076923077 | G97: 2.1248886

Sheet 3.0
A1: Character | B1: Top 8's | C1: Trophies | D1: Avg Position | E1: Trophy Rate | F1: Wager Trophies | J1: Character | K1: Top 8's | L1: Trophies | M1: Avg Position | N1: Trophy Rate | O1: Wager Trophies | T1: Character | U1: Top 8's | V1: Trophies | W1: Avg Position | X1: Trophy Rate | Z1: Character | AA1: Top 8's | AB1: Change | AC1: Trophies | AD1: Change | AE1: Avg Position | AF1: Trophy Rate | AJ1: Character | AK1: Top 8's | AL1: Trophies | AM1: Avg Position | AN1: Trophy Rate | AP1: Character | AQ1: Top 8's | AR1: Trophies
A2: Byleth | B2: 58 | C2: 19 | D2: =H2/B2 -> 3.1551724 | E2: =C2/B2 -> 0.32758621 | F2: Banned | H2: 183 | J2: Byleth | K2: 59 | L2: 20 | M2: =Q2/K2 -> 3.1186441 | N2: =L2/K2 -> 0.33898305 | O2: Banned | Q2: 184 | T2: Byleth | U2: 43 | V2: 15 | W2: 2.86 | X2: =V2/U2 -> 0.34883721 | Z2: Byleth | AA2: 59 | AB2: =AQ2-AK2 -> 16 | AC2: 20 | AD2: =AR2-AL2 -> 5 | AE2: =AH2/AA2 -> 3.1186441 | AF2: =AC2/AA2 -> 0.33898305 | AG2: 💰💰💰💰💰💰💰💰💰💰💰💰 | AH2: 184 | AJ2: Byleth | AK2: 43 | AL2: 15 | AM2: 2.86 | AN2: =AL2/AK2 -> 0.34883721 | AP2: Byleth | AQ2: 59 | AR2: 20
A3: Villager | B3: 76 | C3: 23 | D3: =H3/B3 -> 3.6710526 | E3: =C3/B3 -> 0.30263158 | F3: Banned | H3: 279 | J3: Villager | K3: 78 | L3: 23 | M3: =Q3/K3 -> 3.7051282 | N3: =L3/K3 -> 0.29487179 | O3: Banned | Q3: 289 | T3: Kazuya | U3: 6 | V3: 1 | W3: 3.5 | X3: =V3/U3 -> 0.16666667 | Z3: Villager | AA3: 78 | AB3: =AQ3-AK3 -> 37 | AC3: 23 | AD3: =AR3-AL3 -> 9 | AE3: =AH3/AA3 -> 3.7051282 | AF3: =AC3/AA3 -> 0.29487179 | AG3: ▲3 | AH3: 289 | AJ3: Villager | AK3: 41 | AL3: 14 | AM3: 3.68 | AN3: =AL3/AK3 -> 0.34146341 | AP3: Villager | AQ3: 78 | AR3: 23
A4: Wii Fit Trainer | B4: 26 | C4: 3 | D4: =H4/B4 -> 3.6923077 | E4: =C4/B4 -> 0.11538462 | F4: Banned | G4: ▲5🚀 | H4: 96 | J4: Piranha Plant | K4: 22 | L4: 4 | M4: =Q4/K4 -> 3.7272727 | N4: =L4/K4 -> 0.18181818 | O4: 1 | P4: ▲1 | Q4: 82 | T4: Lucario | U4: 33 | V4: 8 | W4: 3.55 | X4: =V4/U4 -> 0.24242424 | Z4: Piranha Plant | AA4: 22 | AB4: =AQ4-AK4 -> 14 | AC4: 4 | AD4: =AR4-AL4 -> 4 | AE4: =AH4/AA4 -> 3.7272727 | AF4: =AC4/AA4 -> 0.18181818 | AG4: ▲17🚀🚀🚀 | AH4: 82 | AJ4: Piranha Plant | AK4: 8 | AL4: 0 | AM4: 4.25 | AN4: =AL4/AK4 -> 0 | AP4: Piranha Plant | AQ4: 22 | AR4: 4
A5: Piranha Plant | B5: 22 | C5: 4 | D5: =H5/B5 -> 3.7272727 | E5: =C5/B5 -> 0.18181818 | F5: 1 | G5: ▲2 | H5: 82 | J5: Wii Fit Trainer | K5: 28 | L5: 3 | M5: =Q5/K5 -> 3.75 | N5: =L5/K5 -> 0.10714286 | O5: Banned | P5: ▼1 | Q5: 105 | T5: Mega Man | U5: 36 | V5: 6 | W5: 3.67 | X5: =V5/U5 -> 0.16666667 | Z5: Wii Fit Trainer | AA5: 28 | AB5: =AQ5-AK5 -> 22 | AC5: 3 | AD5: =AR5-AL5 -> 3 | AE5: =AH5/AA5 -> 3.75 | AF5: =AC5/AA5 -> 0.10714286 | AG5: ▲23🚀🚀🚀🚀 | AH5: 105 | AJ5: Wii Fit Trainer | AK5: 6 | AL5: 0 | AM5: 4.33 | AN5: =AL5/AK5 -> 0 | AP5: Wii Fit Trainer | AQ5: 28 | AR5: 3
A6: Falco | B6: 13 | C6: 1 | D6: =H6/B6 -> 3.7692308 | E6: =C6/B6 -> 0.076923077 | F6: Banned | G6: ▼2 | H6: 49 | J6: Falco | K6: 13 | L6: 1 | M6: =Q6/K6 -> 3.7692308 | N6: =L6/K6 -> 0.076923077 | O6: Banned | Q6: 49 | T6: Villager | U6: 41 | V6: 14 | W6: 3.68 | X6: =V6/U6 -> 0.34146341 | Z6: Falco | AA6: 13 | AB6: =AQ6-AK6 -> 4 | AC6: 1 | AD6: =AR6-AL6 -> 1 | AE6: =AH6/AA6 -> 3.7692308 | AF6: =AC6/AA6 -> 0.076923077 | AG6: ▲4 | AH6: 49 | AJ6: Falco | AK6: 9 | AL6: 0 | AM6: 4 | AN6: =AL6/AK6 -> 0 | AP6: Falco | AQ6: 13 | AR6: 1
A7: Lucas | B7: 13 | C7: 2 | D7: =H7/B7 -> 3.7692308 | E7: =C7/B7 -> 0.15384615 | F7: Banned | G7: ▼2 | H7: 49 | J7: Lucas | K7: 13 | L7: 2 | M7: =Q7/K7 -> 3.7692308 | N7: =L7/K7 -> 0.15384615 | O7: Banned | Q7: 49 | T7: Zelda | U7: 19 | V7: 4 | W7: 3.84 | X7: =V7/U7 -> 0.21052632 | Z7: Lucas | AA7: 13 | AB7: =AQ7-AK7 -> 7 | AC7: 2 | AD7: =AR7-AL7 -> 2 | AE7: =AH7/AA7 -> 3.7692308 | AF7: =AC7/AA7 -> 0.15384615 | AG7: ▲19🚀🚀🚀 | AH7: 49 | AJ7: Lucas | AK7: 6 | AL7: 0 | AM7: 4.33 | AN7: =AL7/AK7 -> 0 | AP7: Lucas | AQ7: 13 | AR7: 2
A8: Lucario | B8: 52 | C8: 11 | D8: =H8/B8 -> 3.8269231 | E8: =C8/B8 -> 0.21153846 | F8: Banned | H8: 199 | J8: Lucario | K8: 52 | L8: 11 | M8: =Q8/K8 -> 3.8269231 | N8: =L8/K8 -> 0.21153846 | O8: Banned | Q8: 199 | T8: Pokemon Trainer | U8: 14 | V8: 2 | W8: 3.86 | X8: =V8/U8 -> 0.14285714 | Z8: Lucario | AA8: 52 | AB8: =AQ8-AK8 -> 19 | AC8: 11 | AD8: =AR8-AL8 -> 3 | AE8: =AH8/AA8 -> 3.8269231 | AF8: =AC8/AA8 -> 0.21153846 | AG8: ▼4 | AH8: 199 | AJ8: Lucario | AK8: 33 | AL8: 8 | AM8: 3.55 | AN8: =AL8/AK8 -> 0.24242424 | AP8: Lucario | AQ8: 52 | AR8: 11
A9: Hero | B9: 24 | C9: 3 | D9: =H9/B9 -> 3.875 | E9: =C9/B9 -> 0.125 | F9: Banned | G9: ▲1 | H9: 93 | J9: Isabelle | K9: 16 | L9: 5 | M9: =Q9/K9 -> 3.9375 | N9: =L9/K9 -> 0.3125 | O9: 1 | P9: ▲1 | Q9: 63 | T9: Pit | U9: 9 | V9: 1 | W9: 3.89 | X9: =V9/U9 -> 0.11111111 | Z9: Isabelle | AA9: 16 | AB9: =AQ9-AK9 -> 6 | AC9: 5 | AD9: =AR9-AL9 -> 2 | AE9: =AH9/AA9 -> 3.9375 | AF9: =AC9/AA9 -> 0.3125 | AG9: ▲16🚀🚀🚀 | AH9: 63 | AJ9: Isabelle | AK9: 10 | AL9: 3 | AM9: 4.3 | AN9: =AL9/AK9 -> 0.3 | AP9: Isabelle | AQ9: 16 | AR9: 5
A10: Isabelle | B10: 16 | C10: 5 | D10: =H10/B10 -> 3.9375 | E10: =C10/B10 -> 0.3125 | F10: 1 | G10: ▲7🚀 | H10: 63 | J10: Mega Man | K10: 67 | L10: 12 | M10: =Q10/K10 -> 3.9552239 | N10: =L10/K10 -> 0.17910448 | O10: Banned | P10: ▲1 | Q10: 265 | T10: Falco | U10: 9 | V10: 0 | W10: 4 | X10: =V10/U10 -> 0 | Z10: Mega Man | AA10: 67 | AB10: =AQ10-AK10 -> 31 | AC10: 12 | AD10: =AR10-AL10 -> 6 | AE10: =AH10/AA10 -> 3.9552239 | AF10: =AC10/AA10 -> 0.17910448 | AG10: ▼5💀 | AH10: 265 | AJ10: Mega Man | AK10: 36 | AL10: 6 | AM10: 3.67 | AN10: =AL10/AK10 -> 0.16666667 | AP10: Mega Man | AQ10: 67 | AR10: 12
A11: Mega Man | B11: 67 | C11: 12 | D11: =H11/B11 -> 3.9552239 | E11: =C11/B11 -> 0.17910448 | F11: Banned | H11: 265 | J11: Hero | K11: 25 | L11: 3 | M11: =Q11/K11 -> 3.96 | N11: =L11/K11 -> 0.12 | O11: Banned | P11: ▼2 | Q11: 99 | T11: Jigglypuff | U11: 17 | V11: 1 | W11: 4 | X11: =V11/U11 -> 0.058823529 | Z11: Hero | AA11: 25 | AB11: =AQ11-AK11 -> 20 | AC11: 3 | AD11: =AR11-AL11 -> 3 | AE11: =AH11/AA11 -> 3.96 | AF11: =AC11/AA11 -> 0.12 | AG11: ▲19🚀🚀🚀 | AH11: 99 | AJ11: Hero | AK11: 5 | AL11: 0 | AM11: 4.4 | AN11: =AL11/AK11 -> 0 | AP11: Hero | AQ11: 25 | AR11: 3
A12: Palutena | B12: 16 | C12: 3 | D12: =H12/B12 -> 4 | E12: =C12/B12 -> 0.1875 | F12: 1 | G12: ▲9🚀 | H12: 64 | J12: Palutena | K12: 16 | L12: 3 | M12: =Q12/K12 -> 4 | N12: =L12/K12 -> 0.1875 | O12: 1 | Q12: 64 | T12: Mii Sword Fighter | U12: 5 | V12: 1 | W12: 4 | X12: =V12/U12 -> 0.2 | Z12: Palutena | AA12: 16 | AB12: =AQ12-AK12 -> 10 | AC12: 3 | AD12: =AR12-AL12 -> 3 | AE12: =AH12/AA12 -> 4 | AF12: =AC12/AA12 -> 0.1875 | AG12: ▲15🚀🚀🚀 | AH12: 64 | AJ12: Palutena | AK12: 6 | AL12: 0 | AM12: 4.33 | AN12: =AL12/AK12 -> 0 | AP12: Palutena | AQ12: 16 | AR12: 3
A13: Samus | B13: 144 | C13: 23 | D13: =H13/B13 -> 4.0555556 | E13: =C13/B13 -> 0.15972222 | F13: Trash | H13: 584 | J13: Samus | K13: 146 | L13: 23 | M13: =Q13/K13 -> 4.0342466 | N13: =L13/K13 -> 0.15753425 | O13: Trash | Q13: 589 | T13: Wario | U13: 10 | V13: 2 | W13: 4 | X13: =V13/U13 -> 0.2 | Z13: Samus | AA13: 146 | AB13: =AQ13-AK13 -> 44 | AC13: 23 | AD13: =AR13-AL13 -> 9 | AE13: =AH13/AA13 -> 4.0342466 | AF13: =AC13/AA13 -> 0.15753425 | AG13: ▲9🚀 | AH13: 589 | AJ13: Samus | AK13: 102 | AL13: 14 | AM13: 4.25 | AN13: =AL13/AK13 -> 0.1372549 | AP13: Samus | AQ13: 146 | AR13: 23
A14: Kirby | B14: 33 | C14: 6 | D14: =H14/B14 -> 4.0606061 | E14: =C14/B14 -> 0.18181818 | F14: Trash | G14: ▼2 | H14: 134 | J14: Kirby | K14: 33 | L14: 6 | M14: =Q14/K14 -> 4.0606061 | N14: =L14/K14 -> 0.18181818 | O14: Trash | Q14: 134 | T14: King Dedede | U14: 72 | V14: 16 | W14: 4.1 | X14: =V14/U14 -> 0.22222222 | Z14: Kirby | AA14: 33 | AB14: =AQ14-AK14 -> 5 | AC14: 6 | AD14: =AR14-AL14 -> 2 | AE14: =AH14/AA14 -> 4.0606061 | AF14: =AC14/AA14 -> 0.18181818 | AG14: ▲10🚀🚀 | AH14: 134 | AJ14: Kirby | AK14: 28 | AL14: 4 | AM14: 4.29 | AN14: =AL14/AK14 -> 0.14285714 | AP14: Kirby | AQ14: 33 | AR14: 6
A15: Pit | B15: 13 | C15: 2 | D15: =H15/B15 -> 4.0769231 | E15: =C15/B15 -> 0.15384615 | F15: Trash | G15: ▼1 | H15: 53 | J15: Pit | K15: 13 | L15: 2 | M15: =Q15/K15 -> 4.0769231 | N15: =L15/K15 -> 0.15384615 | O15: Trash | Q15: 53 | T15: Link | U15: 6 | V15: 1 | W15: 4.17 | X15: =V15/U15 -> 0.16666667 | Z15: Pit | AA15: 13 | AB15: =AQ15-AK15 -> 4 | AC15: 2 | AD15: =AR15-AL15 -> 1 | AE15: =AH15/AA15 -> 4.0769231 | AF15: =AC15/AA15 -> 0.15384615 | AG15: ▼6💀 | AH15: 53 | AJ15: Pit | AK15: 9 | AL15: 1 | AM15: 3.89 | AN15: =AL15/AK15 -> 0.11111111 | AP15: Pit | AQ15: 13 | AR15: 2
A16: Bayonetta | B16: 44 | C16: 3 | D16: =H16/B16 -> 4.0909091 | E16: =C16/B16 -> 0.068181818 | F16: Trash | G16: ▼1 | H16: 180 | J16: Bayonetta | K16: 44 | L16: 3 | M16: =Q16/K16 -> 4.0909091 | N16: =L16/K16 -> 0.068181818 | O16: Trash | Q16: 180 | T16: Joker | U16: 9 | V16: 2 | W16: 4.2 | X16: =V16/U16 -> 0.22222222 | Z16: Bayonetta | AA16: 44 | AB16: =AQ16-AK16 -> 19 | AC16: 3 | AD16: =AR16-AL16 -> 1 | AE16: =AH16/AA16 -> 4.0909091 | AF16: =AC16/AA16 -> 0.068181818 | AG16: ▲13🚀🚀 | AH16: 180 | AJ16: Bayonetta | AK16: 25 | AL16: 2 | AM16: 4.4 | AN16: =AL16/AK16 -> 0.08 | AP16: Bayonetta | AQ16: 44 | AR16: 3
A17: Robin | B17: 10 | C17: 1 | D17: =H17/B17 -> 4.1 | E17: =C17/B17 -> 0.1 | F17: Trash | G17: ▼1 | H17: 41 | J17: Robin | K17: 10 | L17: 1 | M17: =Q17/K17 -> 4.1 | N17: =L17/K17 -> 0.1 | O17: Trash | Q17: 41 | T17: Mewtwo | U17: 5 | V17: 0 | W17: 4.2 | X17: =V17/U17 -> 0 | Z17: Robin | AA17: 10 | AB17: =AQ17-AK17 -> 4 | AC17: 1 | AD17: =AR17-AL17 -> 1 | AE17: =AH17/AA17 -> 4.1 | AF17: =AC17/AA17 -> 0.1 | AG17: ▲38🚀🚀🚀🚀🚀🚀🚀 | AH17: 41 | AJ17: Robin | AK17: 6 | AL17: 0 | AM17: 5 | AN17: =AL17/AK17 -> 0 | AP17: Robin | AQ17: 10 | AR17: 1
A18: Olimar | B18: 15 | C18: 3 | D18: =H18/B18 -> 4.1333333 | E18: =C18/B18 -> 0.2 | F18: Trash | G18: ▼12💀💀 | H18: 62 | J18: Olimar | K18: 15 | L18: 3 | M18: =Q18/K18 -> 4.1333333 | N18: =L18/K18 -> 0.2 | O18: Trash | Q18: 62 | T18: Sephiroth | U18: 5 | V18: 1 | W18: 4.2 | X18: =V18/U18 -> 0.2 | Z18: Olimar | AA18: 15 | AB18: =AQ18-AK18 -> 8 | AC18: 3 | AD18: =AR18-AL18 -> 3 | AE18: =AH18/AA18 -> 4.1333333 | AF18: =AC18/AA18 -> 0.2 | AG18: ▲26🚀🚀🚀🚀🚀 | AH18: 62 | AJ18: Olimar | AK18: 7 | AL18: 0 | AM18: 4.71 | AN18: =AL18/AK18 -> 0 | AP18: Olimar | AQ18: 15 | AR18: 3
A19: Zelda | B19: 28 | C19: 5 | D19: =H19/B19 -> 4.1428571 | E19: =C19/B19 -> 0.17857143 | F19: Trash | G19: ▼1 | H19: 116 | J19: Zelda | K19: 28 | L19: 5 | M19: =Q19/K19 -> 4.1428571 | N19: =L19/K19 -> 0.17857143 | O19: Trash | Q19: 116 | T19: Toon Link | U19: 5 | V19: 0 | W19: 4.2 | X19: =V19/U19 -> 0 | Z19: Zelda | AA19: 28 | AB19: =AQ19-AK19 -> 9 | AC19: 5 | AD19: =AR19-AL19 -> 1 | AE19: =AH19/AA19 -> 4.1428571 | AF19: =AC19/AA19 -> 0.17857143 | AG19: ▼12💀💀 | AH19: 116 | AJ19: Zelda | AK19: 19 | AL19: 4 | AM19: 3.84 | AN19: =AL19/AK19 -> 0.21052632 | AP19: Zelda | AQ19: 28 | AR19: 5
A20: Banjo-Kazooie | B20: 18 | C20: 1 | D20: =H20/B20 -> 4.1666667 | E20: =C20/B20 -> 0.055555556 | F20: Trash | G20: ▲3 | H20: 75 | J20: Banjo-Kazooie | K20: 18 | L20: 1 | M20: =Q20/K20 -> 4.1666667 | N20: =L20/K20 -> 0.055555556 | O20: Trash | Q20: 75 | T20: Captain Falcon | U20: 31 | V20: 5 | W20: 4.23 | X20: =V20/U20 -> 0.16129032 | Z20: Banjo-Kazooie | AA20: 18 | AB20: =AQ20-AK20 -> 11 | AC20: 1 | AD20: =AR20-AL20 -> 1 | AE20: =AH20/AA20 -> 4.1666667 | AF20: =AC20/AA20 -> 0.055555556 | AG20: ▲30🚀🚀🚀🚀🚀🚀 | AH20: 75 | AJ20: Banjo-Kazooie | AK20: 7 | AL20: 0 | AM20: 5 | AN20: =AL20/AK20 -> 0 | AP20: Banjo-Kazooie | AQ20: 18 | AR20: 1
A21: Pokemon Trainer | B21: 18 | C21: 2 | D21: =H21/B21 -> 4.1666667 | E21: =C21/B21 -> 0.11111111 | F21: Trash | G21: ▼2 | H21: 75 | J21: Pokemon Trainer | K21: 18 | L21: 2 | M21: =Q21/K21 -> 4.1666667 | N21: =L21/K21 -> 0.11111111 | O21: Trash | Q21: 75 | T21: Piranha Plant | U21: 8 | V21: 0 | W21: 4.25 | X21: =V21/U21 -> 0 | Z21: Pokemon Trainer | AA21: 18 | AB21: =AQ21-AK21 -> 4 | AC21: 2 | AD21: =AR21-AL21 -> 0 | AE21: =AH21/AA21 -> 4.1666667 | AF21: =AC21/AA21 -> 0.11111111 | AG21: ▼13💀💀 | AH21: 75 | AJ21: Pokemon Trainer | AK21: 14 | AL21: 2 | AM21: 3.86 | AN21: =AL21/AK21 -> 0.14285714 | AP21: Pokemon Trainer | AQ21: 18 | AR21: 2
A22: Pikachu | B22: 46 | C22: 4 | D22: =H22/B22 -> 4.1956522 | E22: =C22/B22 -> 0.086956522 | F22: Trash | G22: ▼2 | H22: 193 | J22: Link | K22: 14 | L22: 2 | M22: =Q22/K22 -> 4.2142857 | N22: =L22/K22 -> 0.14285714 | O22: Trash | P22: ▲1 | Q22: 59 | T22: Samus | U22: 102 | V22: 14 | W22: 4.25 | X22: =V22/U22 -> 0.1372549 | Z22: Link | AA22: 14 | AB22: =AQ22-AK22 -> 8 | AC22: 2 | AD22: =AR22-AL22 -> 1 | AE22: =AH22/AA22 -> 4.2142857 | AF22: =AC22/AA22 -> 0.14285714 | AG22: ▼7💀 | AH22: 59 | AJ22: Link | AK22: 6 | AL22: 1 | AM22: 4.17 | AN22: =AL22/AK22 -> 0.16666667 | AP22: Link | AQ22: 14 | AR22: 2
A23: Link | B23: 14 | C23: 2 | D23: =H23/B23 -> 4.2142857 | E23: =C23/B23 -> 0.14285714 | F23: Trash | G23: ▼1 | H23: 59 | J23: Luigi | K23: 36 | L23: 5 | M23: =Q23/K23 -> 4.2222222 | N23: =L23/K23 -> 0.13888889 | O23: 1 | P23: ▲1 | Q23: 152 | T23: Terry | U23: 25 | V23: 5 | W23: 4.28 | X23: =V23/U23 -> 0.2 | Z23: Luigi | AA23: 36 | AB23: =AQ23-AK23 -> 26 | AC23: 5 | AD23: =AR23-AL23 -> 5 | AE23: =AH23/AA23 -> 4.2222222 | AF23: =AC23/AA23 -> 0.13888889 | AG23: ▲16🔫🔫🔫 | AH23: 152 | AJ23: Luigi | AK23: 10 | AL23: 0 | AM23: 4.6 | AN23: =AL23/AK23 -> 0 | AP23: Luigi | AQ23: 36 | AR23: 5
A24: Luigi | B24: 35 | C24: 5 | D24: =H24/B24 -> 4.2285714 | E24: =C24/B24 -> 0.14285714 | F24: 1 | G24: ▲11🔫🔫 | H24: 148 | J24: Pikachu | K24: 47 | L24: 4 | M24: =Q24/K24 -> 4.2553191 | N24: =L24/K24 -> 0.085106383 | O24: Trash | P24: ▼2 | Q24: 200 | T24: Kirby | U24: 28 | V24: 4 | W24: 4.29 | X24: =V24/U24 -> 0.14285714 | Z24: Pikachu | AA24: 47 | AB24: =AQ24-AK24 -> 27 | AC24: 4 | AD24: =AR24-AL24 -> 3 | AE24: =AH24/AA24 -> 4.2553191 | AF24: =AC24/AA24 -> 0.085106383 | AG24: ▲8🚀 | AH24: 200 | AJ24: Pikachu | AK24: 20 | AL24: 1 | AM24: 4.4 | AN24: =AL24/AK24 -> 0.05 | AP24: Pikachu | AQ24: 47 | AR24: 4
A25: Toon Link | B25: 13 | C25: 0 | D25: =H25/B25 -> 4.3076923 | E25: =C25/B25 -> 0 | F25: Trash | G25: ▼1 | H25: 56 | J25: Sonic | K25: 15 | L25: 3 | M25: =Q25/K25 -> 4.2666667 | N25: =L25/K25 -> 0.2 | O25: Trash | P25: ▲2 | Q25: 64 | T25: Isabelle | U25: 10 | V25: 3 | W25: 4.3 | X25: =V25/U25 -> 0.3 | Z25: Sonic | AA25: 15 | AB25: =AQ25-AK25 -> 6 | AC25: 3 | AD25: =AR25-AL25 -> 1 | AE25: =AH25/AA25 -> 4.2666667 | AF25: =AC25/AA25 -> 0.2 | AG25: ▲9🚀 | AH25: 64 | AJ25: Sonic | AK25: 9 | AL25: 2 | AM25: 4.44 | AN25: =AL25/AK25 -> 0.22222222 | AP25: Sonic | AQ25: 15 | AR25: 3
A26: Terry | B26: 35 | C26: 6 | D26: =H26/B26 -> 4.3428571 | E26: =C26/B26 -> 0.17142857 | F26: Trash | G26: ▼1 | H26: 152 | J26: Toon Link | K26: 13 | L26: 0 | M26: =Q26/K26 -> 4.3076923 | N26: =L26/K26 -> 0 | O26: Trash | P26: ▼1 | Q26: 56 | T26: Lucas | U26: 6 | V26: 0 | W26: 4.33 | X26: =V26/U26 -> 0 | Z26: Toon Link | AA26: 13 | AB26: =AQ26-AK26 -> 8 | AC26: 0 | AD26: =AR26-AL26 -> 0 | AE26: =AH26/AA26 -> 4.3076923 | AF26: =AC26/AA26 -> 0 | AG26: ▼7💀 | AH26: 56 | AJ26: Toon Link | AK26: 5 | AL26: 0 | AM26: 4.2 | AN26: =AL26/AK26 -> 0 | AP26: Toon Link | AQ26: 13 | AR26: 0
A27: Sonic | B27: 14 | C27: 3 | D27: =H27/B27 -> 4.3571429 | E27: =C27/B27 -> 0.21428571 | F27: Trash | G27: ▼1 | H27: 61 | J27: Terry | K27: 35 | L27: 6 | M27: =Q27/K27 -> 4.3428571 | N27: =L27/K27 -> 0.17142857 | O27: Trash | P27: ▼1 | Q27: 152 | T27: Palutena | U27: 6 | V27: 0 | W27: 4.33 | X27: =V27/U27 -> 0 | Z27: Terry | AA27: 35 | AB27: =AQ27-AK27 -> 10 | AC27: 6 | AD27: =AR27-AL27 -> 1 | AE27: =AH27/AA27 -> 4.3428571 | AF27: =AC27/AA27 -> 0.17142857 | AG27: ▼4 | AH27: 152 | AJ27: Terry | AK27: 25 | AL27: 5 | AM27: 4.28 | AN27: =AL27/AK27 -> 0.2 | AP27: Terry | AQ27: 35 | AR27: 6
A28: Inkling | B28: 11 | C28: 0 | D28: =H28/B28 -> 4.3636364 | E28: =C28/B28 -> 0 | F28: Trash | G28: ▼1 | H28: 48 | J28: Mr. Game & Watch | K28: 17 | L28: 1 | M28: =Q28/K28 -> 4.3529412 | N28: =L28/K28 -> 0.058823529 | O28: Trash | P28: ▲3 | Q28: 74 | T28: Wii Fit Trainer | U28: 6 | V28: 0 | W28: 4.33 | X28: =V28/U28 -> 0 | Z28: Mr. Game & Watch | AA28: 17 | AB28: =AQ28-AK28 -> 10 | AC28: 1 | AD28: =AR28-AL28 -> 1 | AE28: =AH28/AA28 -> 4.3529412 | AF28: =AC28/AA28 -> 0.058823529 | AG28: ▲9🚀 | AH28: 74 | AJ28: Mr. Game & Watch | AK28: 7 | AL28: 0 | AM28: 4.57 | AN28: =AL28/AK28 -> 0 | AP28: Mr. Game & Watch | AQ28: 17 | AR28: 1
A29: King Dedede | B29: 125 | C29: 23 | D29: =H29/B29 -> 4.44 | E29: =C29/B29 -> 0.184 | F29: 2 | H29: 555 | J29: Inkling | K29: 11 | L29: 0 | M29: =Q29/K29 -> 4.3636364 | N29: =L29/K29 -> 0 | O29: Trash | P29: ▼1 | Q29: 48 | T29: Bayonetta | U29: 25 | V29: 2 | W29: 4.4 | X29: =V29/U29 -> 0.08 | Z29: Inkling | AA29: 11 | AB29: =AQ29-AK29 -> 6 | AC29: 0 | AD29: =AR29-AL29 -> 0 | AE29: =AH29/AA29 -> 4.3636364 | AF29: =AC29/AA29 -> 0 | AG29: ▲2 | AH29: 48 | AJ29: Inkling | AK29: 5 | AL29: 0 | AM29: 4.4 | AN29: =AL29/AK29 -> 0 | AP29: Inkling | AQ29: 11 | AR29: 0
A30: Captain Falcon | B30: 42 | C30: 5 | D30: =H30/B30 -> 4.5238095 | E30: =C30/B30 -> 0.11904762 | F30: Trash | G30: ▲1 | H30: 190 | J30: King Dedede | K30: 126 | L30: 24 | M30: =Q30/K30 -> 4.4126984 | N30: =L30/K30 -> 0.19047619 | O30: 2 | P30: ▼1 | Q30: 556 | T30: Hero | U30: 5 | V30: 0 | W30: 4.4 | X30: =V30/U30 -> 0 | Z30: King Dedede | AA30: 126 | AB30: =AQ30-AK30 -> 54 | AC30: 24 | AD30: =AR30-AL30 -> 8 | AE30: =AH30/AA30 -> 4.4126984 | AF30: =AC30/AA30 -> 0.19047619 | AG30: ▼16💀💀💀 | AH30: 556 | AJ30: King Dedede | AK30: 72 | AL30: 16 | AM30: 4.1 | AN30: =AL30/AK30 -> 0.22222222 | AP30: King Dedede | AQ30: 126 | AR30: 24
A31: Mr. Game & Watch | B31: 15 | C31: 0 | D31: =H31/B31 -> 4.5333333 | E31: =C31/B31 -> 0 | F31: Trash | G31: ▼3 | H31: 68 | J31: Captain Falcon | K31: 42 | L31: 5 | M31: =Q31/K31 -> 4.5238095 | N31: =L31/K31 -> 0.11904762 | O31: Trash | P31: ▼1 | Q31: 190 | T31: Inkling | U31: 5 | V31: 0 | W31: 4.4 | X31: =V31/U31 -> 0 | Z31: Captain Falcon | AA31: 42 | AB31: =AQ31-AK31 -> 11 | AC31: 5 | AD31: =AR31-AL31 -> 0 | AE31: =AH31/AA31 -> 4.5238095 | AF31: =AC31/AA31 -> 0.11904762 | AG31: ▼11💀💀 | AH31: 190 | AJ31: Captain Falcon | AK31: 31 | AL31: 5 | AM31: 4.23 | AN31: =AL31/AK31 -> 0.16129032 | AP31: Captain Falcon | AQ31: 42 | AR31: 5
A32: Ness | B32: 71 | C32: 9 | D32: =H32/B32 -> 4.5352113 | E32: =C32/B32 -> 0.12676056 | F32: Trash | H32: 322 | J32: Ness | K32: 71 | L32: 9 | M32: =Q32/K32 -> 4.5352113 | N32: =L32/K32 -> 0.12676056 | O32: Trash | Q32: 322 | T32: Pikachu | U32: 20 | V32: 1 | W32: 4.4 | X32: =V32/U32 -> 0.05 | Z32: Ness | AA32: 71 | AB32: =AQ32-AK32 -> 30 | AC32: 9 | AD32: =AR32-AL32 -> 4 | AE32: =AH32/AA32 -> 4.5352113 | AF32: =AC32/AA32 -> 0.12676056 | AG32: ▲1 | AH32: 322 | AJ32: Ness | AK32: 41 | AL32: 5 | AM32: 4.41 | AN32: =AL32/AK32 -> 0.12195122 | AP32: Ness | AQ32: 71 | AR32: 9
A33: Jigglypuff | B33: 24 | C33: 1 | D33: =H33/B33 -> 4.5416667 | E33: =C33/B33 -> 0.041666667 | F33: Trash | H33: 109 | J33: Jigglypuff | K33: 24 | L33: 1 | M33: =Q33/K33 -> 4.5416667 | N33: =L33/K33 -> 0.041666667 | O33: Trash | Q33: 109 | T33: Ness | U33: 41 | V33: 5 | W33: 4.41 | X33: =V33/U33 -> 0.12195122 | Z33: Jigglypuff | AA33: 24 | AB33: =AQ33-AK33 -> 7 | AC33: 1 | AD33: =AR33-AL33 -> 0 | AE33: =AH33/AA33 -> 4.5416667 | AF33: =AC33/AA33 -> 0.041666667 | AG33: ▼22💀💀💀💀 | AH33: 109 | AJ33: Jigglypuff | AK33: 17 | AL33: 1 | AM33: 4 | AN33: =AL33/AK33 -> 0.058823529 | AP33: Jigglypuff | AQ33: 24 | AR33: 1
A34: Roy/Chrom | B34: 11 | C34: 2 | D34: =H34/B34 -> 4.5454545 | E34: =C34/B34 -> 0.18181818 | F34: Trash | H34: 50 | J34: King K Rool | K34: 31 | L34: 2 | M34: =Q34/K34 -> 4.6451613 | N34: =L34/K34 -> 0.064516129 | O34: Trash | P34: ▲1 | Q34: 144 | T34: Sonic | U34: 9 | V34: 2 | W34: 4.44 | X34: =V34/U34 -> 0.22222222 | Z34: King K Rool | AA34: 31 | AB34: =AQ34-AK34 -> 11 | AC34: 2 | AD34: =AR34-AL34 -> 1 | AE34: =AH34/AA34 -> 4.6451613 | AF34: =AC34/AA34 -> 0.064516129 | AG34: ▲15🚀🚀🚀 | AH34: 144 | AJ34: King K Rool | AK34: 20 | AL34: 1 | AM34: 4.95 | AN34: =AL34/AK34 -> 0.05 | AP34: King K Rool | AQ34: 31 | AR34: 2
A35: King K Rool | B35: 30 | C35: 2 | D35: =H35/B35 -> 4.6333333 | E35: =C35/B35 -> 0.066666667 | F35: Trash | G35: ▲2 | H35: 139 | J35: Princess Peach/Daisy | K35: 20 | L35: 0 | M35: =Q35/K35 -> 4.65 | N35: =L35/K35 -> 0 | O35: Trash | P35: ▲2 | Q35: 93 | T35: Corrin | U35: 41 | V35: 3 | W35: 4.46 | X35: =V35/U35 -> 0.073170732 | Z35: Princess Peach/Daisy | AA35: 20 | AB35: =AQ35-AK35 -> 7 | AC35: 0 | AD35: =AR35-AL35 -> 0 | AE35: =AH35/AA35 -> 4.65 | AF35: =AC35/AA35 -> 0 | AG35: ▲1 | AH35: 93 | AJ35: Princess Peach | AK35: 13 | AL35: 0 | AM35: 4.54 | AN35: =AL35/AK35 -> 0 | AP35: Princess Peach/Daisy | AQ35: 20 | AR35: 0
A36: Meta Knight | B36: 41 | C36: 3 | D36: =H36/B36 -> 4.6341463 | E36: =C36/B36 -> 0.073170732 | F36: Trash | H36: 190 | J36: Meta Knight | K36: 43 | L36: 3 | M36: =Q36/K36 -> 4.6744186 | N36: =L36/K36 -> 0.069767442 | O36: Trash | Q36: 201 | T36: Princess Peach | U36: 13 | V36: 0 | W36: 4.54 | X36: =V36/U36 -> 0 | Z36: Meta Knight | AA36: 43 | AB36: =AQ36-AK36 -> 18 | AC36: 3 | AD36: =AR36-AL36 -> 2 | AE36: =AH36/AA36 -> 4.6744186 | AF36: =AC36/AA36 -> 0.069767442 | AG36: ▲26🚀🚀🚀🚀🚀 | AH36: 201 | AJ36: Meta Knight | AK36: 25 | AL36: 1 | AM36: 5.2 | AN36: =AL36/AK36 -> 0.04 | AP36: Meta Knight | AQ36: 43 | AR36: 3
A37: Princess Peach/Daisy | B37: 20 | C37: 0 | D37: =H37/B37 -> 4.65 | E37: =C37/B37 -> 0 | F37: Trash | G37: ▼7💀 | H37: 93 | J37: Ike | K37: 13 | L37: 0 | M37: =Q37/K37 -> 4.6923077 | N37: =L37/K37 -> 0 | O37: Trash | P37: ▲1 | Q37: 61 | T37: Mr. Game & Watch | U37: 7 | V37: 0 | W37: 4.57 | X37: =V37/U37 -> 0 | Z37: Ike | AA37: 13 | AB37: =AQ37-AK37 -> 3 | AC37: 0 | AD37: =AR37-AL37 -> 0 | AE37: =AH37/AA37 -> 4.6923077 | AF37: =AC37/AA37 -> 0 | AG37: ▲1 | AH37: 61 | AJ37: Ike | AK37: 10 | AL37: 0 | AM37: 4.6 | AN37: =AL37/AK37 -> 0 | AP37: Ike | AQ37: 13 | AR37: 0
A38: Ike | B38: 13 | C38: 0 | D38: =H38/B38 -> 4.6923077 | E38: =C38/B38 -> 0 | F38: Trash | G38: ▲1 | H38: 61 | J38: Ice-Climbers | K38: 10 | L38: 1 | M38: =Q38/K38 -> 4.7 | N38: =L38/K38 -> 0.1 | O38: Trash | P38: ▲1 | Q38: 47 | T38: Ike | U38: 10 | V38: 0 | W38: 4.6 | X38: =V38/U38 -> 0 | Z38: Ice-Climbers | AA38: 10 | AB38: =AQ38-AK38 -> 5 | AC38: 1 | AD38: =AR38-AL38 -> 1 | AE38: =AH38/AA38 -> 4.7 | AF38: =AC38/AA38 -> 0.1 | AG38: ▲23🚀🚀🚀🚀 | AH38: 47 | AJ38: Ice-Climbers | AK38: 5 | AL38: 0 | AM38: 5.2 | AN38: =AL38/AK38 -> 0 | AP38: Ice-Climbers | AQ38: 10 | AR38: 1
A39: Ice-Climbers | B39: 10 | C39: 1 | D39: =H39/B39 -> 4.7 | E39: =C39/B39 -> 0.1 | F39: Trash | G39: ▲1 | H39: 47 | J39: Pac Man | K39: 10 | L39: 0 | M39: =Q39/K39 -> 4.7 | N39: =L39/K39 -> 0 | O39: Trash | P39: New Bracket 1 CEDH | Q39: 47 | T39: Luigi | U39: 10 | V39: 0 | W39: 4.6 | X39: =V39/U39 -> 0 | Z39: Pac Man | AA39: 10 | AB39: =AQ39-AK39 -> 3 | AC39: 0 | AD39: =AR39-AL39 -> 0 | AE39: =AH39/AA39 -> 4.7 | AF39: =AC39/AA39 -> 0 | AG39: ▲6🚀 | AH39: 47 | AJ39: Pac Man | AK39: 7 | AL39: 0 | AM39: 4.71 | AN39: =AL39/AK39 -> 0 | AP39: Pac Man | AQ39: 10 | AR39: 0
A40: Young Link | B40: 10 | C40: 1 | D40: =H40/B40 -> 4.7 | E40: =C40/B40 -> 0.1 | F40: Trash | G40: ▲1 | H40: 47 | J40: Young Link | K40: 10 | L40: 1 | M40: =Q40/K40 -> 4.7 | N40: =L40/K40 -> 0.1 | O40: Trash | Q40: 47 | T40: Incineroar | U40: 8 | V40: 1 | W40: 4.63 | X40: =V40/U40 -> 0.125 | Z40: Young Link | AA40: 10 | AB40: =AQ40-AK40 -> 5 | AC40: 1 | AD40: =AR40-AL40 -> 0 | AE40: =AH40/AA40 -> 4.7 | AF40: =AC40/AA40 -> 0.1 | AG40: ▲7🚀 | AH40: 47 | AJ40: Young Link | AK40: 5 | AL40: 1 | AM40: 4.8 | AN40: =AL40/AK40 -> 0.2 | AP40: Young Link | AQ40: 10 | AR40: 1
A41: Corrin | B41: 45 | C41: 3 | D41: =H41/B41 -> 4.7111111 | E41: =C41/B41 -> 0.066666667 | F41: Trash | G41: ▲1 | H41: 212 | J41: Corrin | K41: 45 | L41: 3 | M41: =Q41/K41 -> 4.7111111 | N41: =L41/K41 -> 0.066666667 | O41: Trash | Q41: 212 | T41: Yoshi | U41: 14 | V41: 2 | W41: 4.64 | X41: =V41/U41 -> 0.14285714 | Z41: Corrin | AA41: 45 | AB41: =AQ41-AK41 -> 4 | AC41: 3 | AD41: =AR41-AL41 -> 0 | AE41: =AH41/AA41 -> 4.7111111 | AF41: =AC41/AA41 -> 0.066666667 | AG41: ▼6💀 | AH41: 212 | AJ41: Corrin | AK41: 41 | AL41: 3 | AM41: 4.46 | AN41: =AL41/AK41 -> 0.073170732 | AP41: Corrin | AQ41: 45 | AR41: 3
A42: Yoshi | B42: 21 | C42: 3 | D42: =H42/B42 -> 4.7142857 | E42: =C42/B42 -> 0.14285714 | F42: Trash | G42: ▲1 | H42: 99 | J42: Yoshi | K42: 21 | L42: 3 | M42: =Q42/K42 -> 4.7142857 | N42: =L42/K42 -> 0.14285714 | O42: Trash | Q42: 99 | T42: Snake | U42: 10 | V42: 2 | W42: 4.7 | X42: =V42/U42 -> 0.2 | Z42: Yoshi | AA42: 21 | AB42: =AQ42-AK42 -> 7 | AC42: 3 | AD42: =AR42-AL42 -> 1 | AE42: =AH42/AA42 -> 4.7142857 | AF42: =AC42/AA42 -> 0.14285714 | AG42: ▼1 | AH42: 99 | AJ42: Yoshi | AK42: 14 | AL42: 2 | AM42: 4.64 | AN42: =AL42/AK42 -> 0.14285714 | AP42: Yoshi | AQ42: 21 | AR42: 3
A43: Wario | B43: 16 | C43: 2 | D43: =H43/B43 -> 4.75 | E43: =C43/B43 -> 0.125 | F43: Trash | G43: ▼5💀 | H43: 76 | J43: Wario | K43: 16 | L43: 2 | M43: =Q43/K43 -> 4.75 | N43: =L43/K43 -> 0.125 | O43: Trash | Q43: 76 | T43: Marth | U43: 7 | V43: 1 | W43: 4.71 | X43: =V43/U43 -> 0.14285714 | Z43: Wario | AA43: 16 | AB43: =AQ43-AK43 -> 6 | AC43: 2 | AD43: =AR43-AL43 -> 0 | AE43: =AH43/AA43 -> 4.75 | AF43: =AC43/AA43 -> 0.125 | AG43: ▼30💀💀💀💀💀💀 | AH43: 76 | AJ43: Wario | AK43: 10 | AL43: 2 | AM43: 4 | AN43: =AL43/AK43 -> 0.2 | AP43: Wario | AQ43: 16 | AR43: 2
A44: Cloud | B44: 19 | C44: 2 | D44: =H44/B44 -> 4.7894737 | E44: =C44/B44 -> 0.10526316 | F44: Trash | H44: 91 | J44: Cloud | K44: 19 | L44: 2 | M44: =Q44/K44 -> 4.7894737 | N44: =L44/K44 -> 0.10526316 | O44: Trash | Q44: 91 | T44: Olimar | U44: 7 | V44: 0 | W44: 4.71 | X44: =V44/U44 -> 0 | Z44: Cloud | AA44: 19 | AB44: =AQ44-AK44 -> 5 | AC44: 2 | AD44: =AR44-AL44 -> 0 | AE44: =AH44/AA44 -> 4.7894737 | AF44: =AC44/AA44 -> 0.10526316 | AG44: ▲2 | AH44: 91 | AJ44: Cloud | AK44: 14 | AL44: 2 | AM44: 4.79 | AN44: =AL44/AK44 -> 0.14285714 | AP44: Cloud | AQ44: 19 | AR44: 2
A45: Incineroar | B45: 26 | C45: 2 | D45: =H45/B45 -> 4.8076923 | E45: =C45/B45 -> 0.076923077 | F45: Trash | H45: 125 | J45: Incineroar | K45: 26 | L45: 2 | M45: =Q45/K45 -> 4.8076923 | N45: =L45/K45 -> 0.076923077 | O45: Trash | Q45: 125 | T45: Pac Man | U45: 7 | V45: 0 | W45: 4.71 | X45: =V45/U45 -> 0 | Z45: Incineroar | AA45: 26 | AB45: =AQ45-AK45 -> 18 | AC45: 2 | AD45: =AR45-AL45 -> 1 | AE45: =AH45/AA45 -> 4.8076923 | AF45: =AC45/AA45 -> 0.076923077 | AG45: ▼5💀 | AH45: 125 | AJ45: Incineroar | AK45: 8 | AL45: 1 | AM45: 4.63 | AN45: =AL45/AK45 -> 0.125 | AP45: Incineroar | AQ45: 26 | AR45: 2
A46: Pichu | B46: 17 | C46: 3 | D46: =H46/B46 -> 4.8823529 | E46: =C46/B46 -> 0.17647059 | F46: Trash | H46: 83 | J46: Roy/Chrom | K46: 12 | L46: 2 | M46: =Q46/K46 -> 4.8333333 | N46: =L46/K46 -> 0.16666667 | O46: Trash | P46: ▼12💀💀 | Q46: 58 | T46: Cloud | U46: 14 | V46: 2 | W46: 4.79 | X46: =V46/U46 -> 0.14285714 | Z46: Roy/Chrom | AA46: 12 | AB46: =AQ46-AK46 -> 5 | AC46: 2 | AD46: =AR46-AL46 -> 1 | AE46: =AH46/AA46 -> 4.8333333 | AF46: =AC46/AA46 -> 0.16666667 | AG46: ▲10🚀🚀 | AH46: 58 | AJ46: Roy | AK46: 7 | AL46: 1 | AM46: 5 | AN46: =AL46/AK46 -> 0.14285714 | AP46: Roy/Chrom | AQ46: 12 | AR46: 2
A47: Marth/Lucina | B47: 11 | C47: 1 | D47: =H47/B47 -> 5 | E47: =C47/B47 -> 0.090909091 | F47: Trash | G47: ▲1 | H47: 55 | J47: Pichu | K47: 17 | L47: 3 | M47: =Q47/K47 -> 4.8823529 | N47: =L47/K47 -> 0.17647059 | O47: Trash | P47: ▼1 | Q47: 83 | T47: Young Link | U47: 5 | V47: 1 | W47: 4.8 | X47: =V47/U47 -> 0.2 | Z47: Pichu | AA47: 17 | AB47: =AQ47-AK47 -> 6 | AC47: 3 | AD47: =AR47-AL47 -> 1 | AE47: =AH47/AA47 -> 4.8823529 | AF47: =AC47/AA47 -> 0.17647059 | AG47: ▲1 | AH47: 83 | AJ47: Pichu | AK47: 11 | AL47: 2 | AM47: 4.82 | AN47: =AL47/AK47 -> 0.18181818 | AP47: Pichu | AQ47: 17 | AR47: 3
A48: Pyra/Mythra | B48: 10 | C48: 0 | D48: =H48/B48 -> 5 | E48: =C48/B48 -> 0 | F48: Trash | G48: New Gerrard Vanguard Copers | H48: 50 | J48: Marth/Lucina | K48: 11 | L48: 1 | M48: =Q48/K48 -> 5 | N48: =L48/K48 -> 0.090909091 | O48: Trash | P48: ▼1 | Q48: 55 | T48: Pichu | U48: 11 | V48: 2 | W48: 4.82 | X48: =V48/U48 -> 0.18181818 | Z48: Marth/Lucina | AA48: 11 | AB48: =AQ48-AK48 -> 4 | AC48: 1 | AD48: =AR48-AL48 -> 0 | AE48: =AH48/AA48 -> 5 | AF48: =AC48/AA48 -> 0.090909091 | AG48: ▼5💀 | AH48: 55 | AJ48: Marth | AK48: 7 | AL48: 1 | AM48: 4.71 | AN48: =AL48/AK48 -> 0.14285714 | AP48: Marth/Lucina | AQ48: 11 | AR48: 1
A49: Rosalina | B49: 13 | C49: 0 | D49: =H49/B49 -> 5 | E49: =C49/B49 -> 0 | F49: Trash | H49: 65 | J49: Pyra/Mythra | K49: 10 | L49: 0 | M49: =Q49/K49 -> 5 | N49: =L49/K49 -> 0 | O49: Trash | P49: ▼1 | Q49: 50 | T49: King K Rool | U49: 20 | V49: 1 | W49: 4.95 | X49: =V49/U49 -> 0.05 | Z49: Pyra/Mythra | AA49: 10 | AB49: =AQ49-AK49 -> 2 | AC49: 0 | AD49: =AR49-AL49 -> 0 | AE49: =AH49/AA49 -> 5 | AF49: =AC49/AA49 -> 0 | AG49: ▲5🚀 | AH49: 50 | AJ49: Pyra/Mythra | AK49: 8 | AL49: 0 | AM49: 5 | AN49: =AL49/AK49 -> 0 | AP49: Pyra/Mythra | AQ49: 10 | AR49: 0
A50: Bowser | B50: 45 | C50: 3 | D50: =H50/B50 -> 5.0666667 | E50: =C50/B50 -> 0.066666667 | F50: Trash | G50: ▲5🚀 | H50: 228 | J50: Rosalina | K50: 13 | L50: 0 | M50: =Q50/K50 -> 5 | N50: =L50/K50 -> 0 | O50: Trash | P50: ▼1 | Q50: 65 | T50: Banjo-Kazooie | U50: 7 | V50: 0 | W50: 5 | X50: =V50/U50 -> 0 | Z50: Rosalina | AA50: 13 | AB50: =AQ50-AK50 -> 5 | AC50: 0 | AD50: =AR50-AL50 -> 0 | AE50: =AH50/AA50 -> 5 | AF50: =AC50/AA50 -> 0 | AG50: ▲20🚀🚀🚀🚀 | AH50: 65 | AJ50: Rosalina | AK50: 8 | AL50: 0 | AM50: 5.63 | AN50: =AL50/AK50 -> 0 | AP50: Rosalina | AQ50: 13 | AR50: 0
A51: Duck Hunt | B51: 13 | C51: 0 | D51: =H51/B51 -> 5.0769231 | E51: =C51/B51 -> 0 | F51: Trash | G51: ▼1 | H51: 66 | J51: Duck Hunt | K51: 13 | L51: 0 | M51: =Q51/K51 -> 5.0769231 | N51: =L51/K51 -> 0 | O51: Trash | Q51: 66 | T51: Ganondorf | U51: 42 | V51: 3 | W51: 5 | X51: =V51/U51 -> 0.071428571 | Z51: Duck Hunt | AA51: 13 | AB51: =AQ51-AK51 -> 7 | AC51: 0 | AD51: =AR51-AL51 -> 0 | AE51: =AH51/AA51 -> 5.0769231 | AF51: =AC51/AA51 -> 0 | AG51: ▲20🚀🚀🚀🚀 | AH51: 66 | AJ51: Duck Hunt | AK51: 6 | AL51: 0 | AM51: 5.67 | AN51: =AL51/AK51 -> 0 | AP51: Duck Hunt | AQ51: 13 | AR51: 0
A52: Mario | B52: 21 | C52: 1 | D52: =H52/B52 -> 5.0952381 | E52: =C52/B52 -> 0.047619048 | F52: Trash | G52: ▼1 | H52: 107 | J52: Mario | K52: 21 | L52: 1 | M52: =Q52/K52 -> 5.0952381 | N52: =L52/K52 -> 0.047619048 | O52: Trash | Q52: 107 | T52: Greninja | U52: 5 | V52: 1 | W52: 5 | X52: =V52/U52 -> 0.2 | Z52: Mario | AA52: 21 | AB52: =AQ52-AK52 -> 2 | AC52: 1 | AD52: =AR52-AL52 -> 0 | AE52: =AH52/AA52 -> 5.0952381 | AF52: =AC52/AA52 -> 0.047619048 | AG52: ▲5🚀 | AH52: 107 | AJ52: Mario | AK52: 19 | AL52: 1 | AM52: 5.05 | AN52: =AL52/AK52 -> 0.052631579 | AP52: Mario | AQ52: 21 | AR52: 1
A53: Ganondorf | B53: 58 | C53: 4 | D53: =H53/B53 -> 5.137931 | E53: =C53/B53 -> 0.068965517 | F53: Trash | G53: ▼1 | H53: 298 | J53: Bowser | K53: 47 | L53: 3 | M53: =Q53/K53 -> 5.106383 | N53: =L53/K53 -> 0.063829787 | O53: Trash | P53: ▼3 | Q53: 240 | T53: Mii Gunner | U53: 5 | V53: 0 | W53: 5 | X53: =V53/U53 -> 0 | Z53: Bowser | AA53: 47 | AB53: =AQ53-AK53 -> 38 | AC53: 3 | AD53: =AR53-AL53 -> 3 | AE53: =AH53/AA53 -> 5.106383 | AF53: =AC53/AA53 -> 0.063829787 | AG53: ▲10🚀🚀 | AH53: 240 | AJ53: Bowser | AK53: 9 | AL53: 0 | AM53: 5.33 | AN53: =AL53/AK53 -> 0 | AP53: Bowser | AQ53: 47 | AR53: 3
A54: Joker | B54: 14 | C54: 2 | D54: =H54/B54 -> 5.1428571 | E54: =C54/B54 -> 0.14285714 | F54: Trash | G54: ▼7💀 | H54: 72 | J54: Ganondorf | K54: 58 | L54: 4 | M54: =Q54/K54 -> 5.137931 | N54: =L54/K54 -> 0.068965517 | O54: Trash | P54: ▼1 | Q54: 298 | T54: Pyra/Mythra | U54: 8 | V54: 0 | W54: 5 | X54: =V54/U54 -> 0 | Z54: Ganondorf | AA54: 58 | AB54: =AQ54-AK54 -> 16 | AC54: 4 | AD54: =AR54-AL54 -> 1 | AE54: =AH54/AA54 -> 5.137931 | AF54: =AC54/AA54 -> 0.068965517 | AG54: ▼3 | AH54: 298 | AJ54: Ganondorf | AK54: 42 | AL54: 3 | AM54: 5 | AN54: =AL54/AK54 -> 0.071428571 | AP54: Ganondorf | AQ54: 58 | AR54: 4
A55: Dr. Mario | B55: 12 | C55: 1 | D55: =H55/B55 -> 5.1666667 | E55: =C55/B55 -> 0.083333333 | F55: Trash | G55: ▼1 | H55: 62 | J55: Joker | K55: 14 | L55: 2 | M55: =Q55/K55 -> 5.1428571 | N55: =L55/K55 -> 0.14285714 | O55: Trash | P55: ▼1 | Q55: 72 | T55: Robin | U55: 6 | V55: 0 | W55: 5 | X55: =V55/U55 -> 0 | Z55: Joker | AA55: 14 | AB55: =AQ55-AK55 -> 5 | AC55: 2 | AD55: =AR55-AL55 -> 0 | AE55: =AH55/AA55 -> 5.1428571 | AF55: =AC55/AA55 -> 0.14285714 | AG55: ▼39💀💀💀💀💀💀💀 | AH55: 72 | AJ55: Joker | AK55: 9 | AL55: 2 | AM55: 4.2 | AN55: =AL55/AK55 -> 0.22222222 | AP55: Joker | AQ55: 14 | AR55: 2
A56: Mii Swordfighter | B56: 10 | C56: 2 | D56: =H56/B56 -> 5.2 | E56: =C56/B56 -> 0.2 | F56: Trash | H56: 52 | J56: Dr. Mario | K56: 12 | L56: 1 | M56: =Q56/K56 -> 5.1666667 | N56: =L56/K56 -> 0.083333333 | O56: Trash | P56: ▼1 | Q56: 62 | T56: Roy | U56: 7 | V56: 1 | W56: 5 | X56: =V56/U56 -> 0.14285714 | Z56: Dr. Mario | AA56: 12 | AB56: =AQ56-AK56 -> 4 | AC56: 1 | AD56: =AR56-AL56 -> 0 | AE56: =AH56/AA56 -> 5.1666667 | AF56: =AC56/AA56 -> 0.083333333 | AG56: ▲11🚀🚀 | AH56: 62 | AJ56: Dr. Mario | AK56: 8 | AL56: 1 | AM56: 5.5 | AN56: =AL56/AK56 -> 0.125 | AP56: Dr. Mario | AQ56: 12 | AR56: 1
A57: R.O.B. | B57: 22 | C57: 0 | D57: =H57/B57 -> 5.2272727 | E57: =C57/B57 -> 0 | F57: Trash | H57: 115 | J57: Mii Swordfighter | K57: 10 | L57: 2 | M57: =Q57/K57 -> 5.2 | N57: =L57/K57 -> 0.2 | O57: Trash | P57: ▼1 | Q57: 52 | T57: Mario | U57: 19 | V57: 1 | W57: 5.05 | X57: =V57/U57 -> 0.052631579 | Z57: Mii Swordfighter | AA57: 10 | AB57: =AQ57-AK57 -> 5 | AC57: 2 | AD57: =AR57-AL57 -> 1 | AE57: =AH57/AA57 -> 5.2 | AF57: =AC57/AA57 -> 0.2 | AG57: ▼45💀💀💀💀💀💀💀💀💀 | AH57: 52 | AJ57: Mii Sword Fighter | AK57: 5 | AL57: 1 | AM57: 4 | AN57: =AL57/AK57 -> 0.2 | AP57: Mii Swordfighter | AQ57: 10 | AR57: 2
A58: Snake | B58: 16 | C58: 2 | D58: =H58/B58 -> 5.25 | E58: =C58/B58 -> 0.125 | F58: Trash | G58: ▼5💀 | H58: 84 | J58: R.O.B. | K58: 22 | L58: 0 | M58: =Q58/K58 -> 5.2272727 | N58: =L58/K58 -> 0 | O58: Trash | P58: ▼1 | Q58: 115 | T58: Wolf | U58: 7 | V58: 1 | W58: 5.14 | X58: =V58/U58 -> 0.14285714 | Z58: R.O.B. | AA58: 22 | AB58: =AQ58-AK58 -> 7 | AC58: 0 | AD58: =AR58-AL58 -> 0 | AE58: =AH58/AA58 -> 5.2272727 | AF58: =AC58/AA58 -> 0 | AG58: ▲6🚀 | AH58: 115 | AJ58: R.O.B. | AK58: 15 | AL58: 0 | AM58: 5.33 | AN58: =AL58/AK58 -> 0 | AP58: R.O.B. | AQ58: 22 | AR58: 0
A59: Donkey Kong | B59: 40 | C59: 3 | D59: =H59/B59 -> 5.325 | E59: =C59/B59 -> 0.075 | F59: Trash | H59: 213 | J59: Donkey Kong | K59: 41 | L59: 3 | M59: =Q59/K59 -> 5.2439024 | N59: =L59/K59 -> 0.073170732 | O59: Trash | Q59: 215 | T59: Ridley | U59: 6 | V59: 1 | W59: 5.17 | X59: =V59/U59 -> 0.16666667 | Z59: Donkey Kong | AA59: 41 | AB59: =AQ59-AK59 -> 3 | AC59: 3 | AD59: =AR59-AL59 -> 0 | AE59: =AH59/AA59 -> 5.2439024 | AF59: =AC59/AA59 -> 0.073170732 | AG59: ▲7🚀 | AH59: 215 | AJ59: Donkey Kong | AK59: 38 | AL59: 3 | AM59: 5.42 | AN59: =AL59/AK59 -> 0.078947368 | AP59: Donkey Kong | AQ59: 41 | AR59: 3
A60: Greninja | B60: 12 | C60: 1 | D60: =H60/B60 -> 5.3333333 | E60: =C60/B60 -> 0.083333333 | F60: Trash | H60: 64 | J60: Snake | K60: 16 | L60: 2 | M60: =Q60/K60 -> 5.25 | N60: =L60/K60 -> 0.125 | O60: Trash | P60: ▼2 | Q60: 84 | T60: Sheik | U60: 6 | V60: 0 | W60: 5.17 | X60: =V60/U60 -> 0 | Z60: Snake | AA60: 16 | AB60: =AQ60-AK60 -> 6 | AC60: 2 | AD60: =AR60-AL60 -> 0 | AE60: =AH60/AA60 -> 5.25 | AF60: =AC60/AA60 -> 0.125 | AG60: ▼18💀💀💀 | AH60: 84 | AJ60: Snake | AK60: 10 | AL60: 2 | AM60: 4.7 | AN60: =AL60/AK60 -> 0.2 | AP60: Snake | AQ60: 16 | AR60: 2
A61: Bowser Jr. | B61: 11 | C61: 0 | D61: =H61/B61 -> 5.3636364 | E61: =C61/B61 -> 0 | F61: Trash | H61: 59 | J61: Greninja | K61: 12 | L61: 1 | M61: =Q61/K61 -> 5.3333333 | N61: =L61/K61 -> 0.083333333 | O61: Trash | P61: ▼1 | Q61: 64 | T61: Ice-Climbers | U61: 5 | V61: 0 | W61: 5.2 | X61: =V61/U61 -> 0 | Z61: Greninja | AA61: 12 | AB61: =AQ61-AK61 -> 7 | AC61: 1 | AD61: =AR61-AL61 -> 0 | AE61: =AH61/AA61 -> 5.3333333 | AF61: =AC61/AA61 -> 0.083333333 | AG61: ▼9💀 | AH61: 64 | AJ61: Greninja | AK61: 5 | AL61: 1 | AM61: 5 | AN61: =AL61/AK61 -> 0.2 | AP61: Greninja | AQ61: 12 | AR61: 1
A62: Diddy Kong | B62: 27 | C62: 3 | D62: =H62/B62 -> 5.4074074 | E62: =C62/B62 -> 0.11111111 | F62: Trash | G62: ▼4 | H62: 146 | J62: Bowser Jr. | K62: 11 | L62: 0 | M62: =Q62/K62 -> 5.3636364 | N62: =L62/K62 -> 0 | O62: Trash | P62: ▼1 | Q62: 59 | T62: Meta Knight | U62: 25 | V62: 1 | W62: 5.2 | X62: =V62/U62 -> 0.04 | Z62: Bowser Jr. | AA62: 11 | AB62: =AQ62-AK62 -> 6 | AC62: 0 | AD62: =AR62-AL62 -> 0 | AE62: =AH62/AA62 -> 5.3636364 | AF62: =AC62/AA62 -> 0 | AG62: ▲7🚀 | AH62: 59 | AJ62: Bowser Jr. | AK62: 5 | AL62: 0 | AM62: 5.6 | AN62: =AL62/AK62 -> 0 | AP62: Bowser Jr. | AQ62: 11 | AR62: 0
A63: Shulk | B63: 12 | C63: 0 | D63: =H63/B63 -> 5.4166667 | E63: =C63/B63 -> 0 | F63: Trash | G63: ▼1 | H63: 65 | J63: Diddy Kong | K63: 27 | L63: 3 | M63: =Q63/K63 -> 5.4074074 | N63: =L63/K63 -> 0.11111111 | O63: Trash | P63: ▼1 | Q63: 146 | T63: Bowser | U63: 9 | V63: 0 | W63: 5.33 | X63: =V63/U63 -> 0 | Z63: Diddy Kong | AA63: 27 | AB63: =AQ63-AK63 -> 16 | AC63: 3 | AD63: =AR63-AL63 -> 2 | AE63: =AH63/AA63 -> 5.4074074 | AF63: =AC63/AA63 -> 0.11111111 | AG63: ▲15🚀🚀🚀 | AH63: 146 | AJ63: Diddy Kong | AK63: 11 | AL63: 1 | AM63: 6.45 | AN63: =AL63/AK63 -> 0.090909091 | AP63: Diddy Kong | AQ63: 27 | AR63: 3
A64: Wolf | B64: 19 | C64: 2 | D64: =H64/B64 -> 5.4210526 | E64: =C64/B64 -> 0.10526316 | F64: Trash | H64: 103 | J64: Shulk | K64: 12 | L64: 0 | M64: =Q64/K64 -> 5.4166667 | N64: =L64/K64 -> 0 | O64: Trash | P64: ▼1 | Q64: 65 | T64: R.O.B. | U64: 15 | V64: 0 | W64: 5.33 | X64: =V64/U64 -> 0 | Z64: Shulk | AA64: 12 | AB64: =AQ64-AK64 -> 6 | AC64: 0 | AD64: =AR64-AL64 -> 0 | AE64: =AH64/AA64 -> 5.4166667 | AF64: =AC64/AA64 -> 0 | AG64: ▲11🚀🚀 | AH64: 65 | AJ64: Shulk | AK64: 6 | AL64: 0 | AM64: 6 | AN64: =AL64/AK64 -> 0 | AP64: Shulk | AQ64: 12 | AR64: 0
A65: Simon | B65: 25 | C65: 1 | D65: =H65/B65 -> 5.48 | E65: =C65/B65 -> 0.04 | F65: Trash | G65: ▼2 The Buylist Throne Descends | H65: 137 | J65: Wolf | K65: 20 | L65: 2 | M65: =Q65/K65 -> 5.45 | N65: =L65/K65 -> 0.1 | O65: Trash | P65: ▼1 | Q65: 109 | T65: Steve | U65: 6 | V65: 0 | W65: 5.33 | X65: =V65/U65 -> 0 | Z65: Wolf | AA65: 20 | AB65: =AQ65-AK65 -> 13 | AC65: 2 | AD65: =AR65-AL65 -> 1 | AE65: =AH65/AA65 -> 5.45 | AF65: =AC65/AA65 -> 0.1 | AG65: ▼7💀 | AH65: 109 | AJ65: Wolf | AK65: 7 | AL65: 1 | AM65: 5.14 | AN65: =AL65/AK65 -> 0.14285714 | AP65: Wolf | AQ65: 20 | AR65: 2
A66: Mewtwo | B66: 13 | C66: 0 | D66: =H66/B66 -> 5.5384615 | E66: =C66/B66 -> 0 | F66: Trash | G66: ▼1 | H66: 72 | J66: Simon | K66: 25 | L66: 1 | M66: =Q66/K66 -> 5.48 | N66: =L66/K66 -> 0.04 | O66: Trash | P66: ▼1 The Buylist Throne Descends | Q66: 137 | T66: Donkey Kong | U66: 38 | V66: 3 | W66: 5.42 | X66: =V66/U66 -> 0.078947368 | Z66: Simon | AA66: 25 | AB66: =AQ66-AK66 -> 15 | AC66: 1 | AD66: =AR66-AL66 -> 1 | AE66: =AH66/AA66 -> 5.48 | AF66: =AC66/AA66 -> 0.04 | AG66: ▲11🚀🚀 | AH66: 137 | AJ66: Simon | AK66: 10 | AL66: 0 | AM66: 6.2 | AN66: =AL66/AK66 -> 0 | AP66: Simon | AQ66: 25 | AR66: 1
A67: Ridley | B67: 11 | C67: 1 | D67: =H67/B67 -> 5.5454545 | E67: =C67/B67 -> 0.090909091 | F67: Trash | G67: New Multani Vanguard Enjoyers | H67: 61 | J67: Mewtwo | K67: 13 | L67: 0 | M67: =Q67/K67 -> 5.5384615 | N67: =L67/K67 -> 0 | O67: Trash | P67: ▼1 | Q67: 72 | T67: Dr. Mario | U67: 8 | V67: 1 | W67: 5.5 | X67: =V67/U67 -> 0.125 | Z67: Mewtwo | AA67: 13 | AB67: =AQ67-AK67 -> 8 | AC67: 0 | AD67: =AR67-AL67 -> 0 | AE67: =AH67/AA67 -> 5.5384615 | AF67: =AC67/AA67 -> 0 | AG67: ▼50💀💀💀💀💀💀💀💀💀💀 | AH67: 72 | AJ67: Mewtwo | AK67: 5 | AL67: 0 | AM67: 4.2 | AN67: =AL67/AK67 -> 0 | AP67: Mewtwo | AQ67: 13 | AR67: 0
A68: Sheik | B68: 11 | C68: 0 | D68: =H68/B68 -> 5.5454545 | E68: =C68/B68 -> 0 | F68: Trash | G68: ▼2 | H68: 61 | J68: Ridley | K68: 11 | L68: 1 | M68: =Q68/K68 -> 5.5454545 | N68: =L68/K68 -> 0.090909091 | O68: Trash | P68: ▼1 | Q68: 61 | T68: Zero Suit Samus | U68: 6 | V68: 0 | W68: 5.5 | X68: =V68/U68 -> 0 | Z68: Ridley | AA68: 11 | AB68: =AQ68-AK68 -> 5 | AC68: 1 | AD68: =AR68-AL68 -> 0 | AE68: =AH68/AA68 -> 5.5454545 | AF68: =AC68/AA68 -> 0.090909091 | AG68: ▼9💀 | AH68: 61 | AJ68: Ridley | AK68: 6 | AL68: 1 | AM68: 5.17 | AN68: =AL68/AK68 -> 0.16666667 | AP68: Ridley | AQ68: 11 | AR68: 1
A69: Fox | B69: 15 | C69: 1 | D69: =H69/B69 -> 5.7333333 | E69: =C69/B69 -> 0.066666667 | F69: Trash | G69: ▼2 | H69: 86 | J69: Sheik | K69: 11 | L69: 0 | M69: =Q69/K69 -> 5.5454545 | N69: =L69/K69 -> 0 | O69: Trash | P69: ▼1 | Q69: 61 | T69: Bowser Jr. | U69: 5 | V69: 0 | W69: 5.6 | X69: =V69/U69 -> 0 | Z69: Sheik | AA69: 11 | AB69: =AQ69-AK69 -> 5 | AC69: 0 | AD69: =AR69-AL69 -> 0 | AE69: =AH69/AA69 -> 5.5454545 | AF69: =AC69/AA69 -> 0 | AG69: ▼9💀 | AH69: 61 | AJ69: Sheik | AK69: 6 | AL69: 0 | AM69: 5.17 | AN69: =AL69/AK69 -> 0 | AP69: Sheik | AQ69: 11 | AR69: 0
A70: Little Mac | B70: 15 | C70: 0 | D70: =H70/B70 -> 5.8 | E70: =C70/B70 -> 0 | F70: Trash | G70: ▼2 | H70: 87 | J70: Zero Suit Samus | K70: 10 | L70: 0 | M70: =Q70/K70 -> 5.7 | N70: =L70/K70 -> 0 | O70: Trash | P70: New Buylist Bracket 69 | Q70: 57 | T70: Rosalina | U70: 8 | V70: 0 | W70: 5.63 | X70: =V70/U70 -> 0 | Z70: Zero Suit Samus | AA70: 10 | AB70: =AQ70-AK70 -> 4 | AC70: 0 | AD70: =AR70-AL70 -> 0 | AE70: =AH70/AA70 -> 5.7 | AF70: =AC70/AA70 -> 0 | AG70: ▼2 | AH70: 57 | AJ70: Zero Suit Samus | AK70: 6 | AL70: 0 | AM70: 5.5 | AN70: =AL70/AK70 -> 0 | AP70: Zero Suit Samus | AQ70: 10 | AR70: 0
A71: Ken/Ryu | B71: 23 | C71: 1 | D71: =H71/B71 -> 5.9565217 | E71: =C71/B71 -> 0.043478261 | F71: Trash | G71: ▼2 | H71: 137 | J71: Fox | K71: 15 | L71: 1 | M71: =Q71/K71 -> 5.7333333 | N71: =L71/K71 -> 0.066666667 | O71: Trash | P71: ▼2 | Q71: 86 | T71: Duck Hunt | U71: 6 | V71: 0 | W71: 5.67 | X71: =V71/U71 -> 0 | Z71: Fox | AA71: 15 | AB71: =AQ71-AK71 -> 4 | AC71: 1 | AD71: =AR71-AL71 -> 0 | AE71: =AH71/AA71 -> 5.7333333 | AF71: =AC71/AA71 -> 0.066666667 | AG71: ▲2 | AH71: 86 | AJ71: Fox | AK71: 11 | AL71: 1 | AM71: 5.82 | AN71: =AL71/AK71 -> 0.090909091 | AP71: Fox | AQ71: 15 | AR71: 1
J72: Little Mac | K72: 15 | L72: 0 | M72: =Q72/K72 -> 5.8 | N72: =L72/K72 -> 0 | O72: Trash | P72: ▼2 | Q72: 87 | T72: Ryu | U72: 6 | V72: 0 | W72: 5.67 | X72: =V72/U72 -> 0 | Z72: Little Mac | AA72: 15 | AB72: =AQ72-AK72 -> 6 | AC72: 0 | AD72: =AR72-AL72 -> 0 | AE72: =AH72/AA72 -> 5.8 | AF72: =AC72/AA72 -> 0 | AG72: ▲4 | AH72: 87 | AJ72: Little Mac | AK72: 9 | AL72: 0 | AM72: 6.11 | AN72: =AL72/AK72 -> 0 | AP72: Little Mac | AQ72: 15 | AR72: 0
J73: Ken/Ryu | K73: 23 | L73: 1 | M73: =Q73/K73 -> 5.9565217 | N73: =L73/K73 -> 0.043478261 | O73: Trash | P73: ▼2 | Q73: 137 | T73: Fox | U73: 11 | V73: 1 | W73: 5.82 | X73: =V73/U73 -> 0.090909091 | Z73: Ken/Ryu | AA73: 23 | AB73: =AQ73-AK73 -> 11 | AC73: 1 | AD73: =AR73-AL73 -> 0 | AE73: =AH73/AA73 -> 5.9565217 | AF73: =AC73/AA73 -> 0.043478261 | AG73: ▲1 | AH73: 137 | AJ73: Ken | AK73: 12 | AL73: 1 | AM73: 5.83 | AN73: =AL73/AK73 -> 0.083333333 | AP73: Ken/Ryu | AQ73: 23 | AR73: 1
T74: Ken | U74: 12 | V74: 1 | W74: 5.83 | X74: =V74/U74 -> 0.083333333
T75: Shulk | U75: 6 | V75: 0 | W75: 6 | X75: =V75/U75 -> 0
T76: Little Mac | U76: 9 | V76: 0 | W76: 6.11 | X76: =V76/U76 -> 0
T77: Simon | U77: 10 | V77: 0 | W77: 6.2 | X77: =V77/U77 -> 0
T78: Diddy Kong | U78: 11 | V78: 1 | W78: 6.45 | X78: =V78/U78 -> 0.090909091

Sheet Prep 4.0
A1: 46019 | B1: 46019 | C1: 45658 | D1: 45658 | E1: 45658 | F1: 45658 | G1: 45658 | H1: 45658 | I1: 45658 | J1: 45658
A2: Meta Knight | B2: Gunner | C2: Greninja | D2: Pokemon Trainer | E2: Hero | F2: Ganondorf | G2: Young Link | H2: Luigi | I2: Lucas | J2: Wario
A3: Wii Fit Trainer | B3: Lucas | C3: Luigi | D3: Lucas | E3: Pokemon Trainer | F3: Hero | G3: Incineroar | H3: Pikachu | I3: Young Link | J3: Zero Suit Samus
A4: Lucas | B4: Swordfighter | C4: Bowser | D4: Zero Suit Samus | E4: Meta Knight | F4: Meta Knight | G4: Zero Suit Samus | H4: Wario | I4: Mii Sword Fighter | J4: Lucas
A5: Piranha Plant | B5: Piranha Plant | C5: Ganondorf | D5: Wii Fit Trainer | E5: Ice-Climbers | F5: Pokemon Trainer | G5: Bayonetta | H5: Wolf | I5: Pikachu | J5: Pikachu
A6: Mii Gunner | B6: Ice-Climbers | C6: Pokemon Trainer | D6: Ice-Climbers | E6: Luigi | F6: Wii Fit Trainer | G6: Wolf | H6: Pichu | I6: Wolf | J6: Mii Sword Figher
A7: Ganondorf | B7: Zero Suit Samus | C7: Wii Fit Trainer | D7: Byleth | E7: Bowser | F7: Ice-Climbers | G7: Pichu | H7: Bayonetta | I7: Wario | J7: Ness
A8: Bowser | B8: Bowser | C8: Ice-Climbers | D8: Ganondorf | E8: Wii Fit Trainer | F8: Luigi | G8: Wario | H8: Incineroar | I8: Mii Brawler | J8: Mii Brawler
A9: Ice-Climbers | B9: Ganondorf | C9: Zero Suit Samus | D9: Bowser | E9: Ganondorf | F9: Bowser | G9: Lucas | H9: Zero Suit Samus | I9: Ness | J9: Greninja
A12: Character | B12: Top 8's | C12: Trophies | D12: Avg Position | E12: Total | F12: Trophy Rate | G12: STD | I12: Character | J12: Top 8's | K12: Trophies | L12: Avg Position | N12: Trophy Rate | S12: Wager Trophies
A13: Banjo-Kazooie | B13: 24 | C13: 2 | D13: =E13/B13 -> 4.0833333 | E13: 98 | F13: =C13/B13 -> 0.083333333 | G13: 2.3664319 | I13: Banjo-Kazooie | J13: 24 | K13: 2 | L13: =M13/J13 -> 4.0833333 | M13: 98 | N13: =K13/J13 -> 0.083333333
A14: Bayonetta | B14: 95 | C14: 6 | D14: =E14/B14 -> 4.2842105 | E14: 407 | F14: =C14/B14 -> 0.063157895 | G14: 2.3273733 | I14: Bayonetta | J14: 95 | K14: 6 | L14: =M14/J14 -> 4.2842105 | M14: 407 | N14: =K14/J14 -> 0.063157895 | S14: Trash
A15: Bowser | B15: 175 | C15: 12 | D15: =E15/B15 -> 5.32 | E15: 931 | F15: =C15/B15 -> 0.068571429 | G15: 1.8708287 | I15: Bowser | J15: 175 | K15: 12 | L15: =M15/J15 -> 5.32 | M15: 931 | N15: =K15/J15 -> 0.068571429 | S15: Trash
A16: Bowser Jr. | B16: 22 | C16: 1 | D16: =E16/B16 -> 4.9090909 | E16: 108 | F16: =C16/B16 -> 0.045454545 | G16: 1.8165902 | I16: Bowser Jr. | J16: 22 | K16: 1 | L16: =M16/J16 -> 4.9090909 | M16: 108 | N16: =K16/J16 -> 0.045454545
A17: Byleth | B17: 101 | C17: 31 | D17: =E17/B17 -> 3.2574257 | E17: 329 | F17: =C17/B17 -> 0.30693069 | G17: 2.0304984 | I17: Byleth | J17: 101 | K17: 31 | L17: =M17/J17 -> 3.2574257 | M17: 329 | N17: =K17/J17 -> 0.30693069 | S17: Trash
A18: Captain Falcon | B18: 46 | C18: 5 | D18: =E18/B18 -> 4.4782609 | E18: 206 | F18: =C18/B18 -> 0.10869565 | G18: 2.4994623 | I18: Captain Falcon | J18: 46 | K18: 5 | L18: =M18/J18 -> 4.4782609 | M18: 206 | N18: =K18/J18 -> 0.10869565 | S18: Trash
A19: Cloud | B19: 22 | C19: 2 | D19: =E19/B19 -> 4.9090909 | E19: 108 | F19: =C19/B19 -> 0.090909091 | G19: 2.4235566 | I19: Cloud | J19: 22 | K19: 2 | L19: =M19/J19 -> 4.9090909 | M19: 108 | N19: =K19/J19 -> 0.090909091 | S19: Trash
A20: Corrin | B20: 45 | C20: 3 | D20: =E20/B20 -> 4.7111111 | E20: 212 | F20: =C20/B20 -> 0.066666667 | G20: 2.1805683 | I20: Corrin | J20: 45 | K20: 3 | L20: =M20/J20 -> 4.7111111 | M20: 212 | N20: =K20/J20 -> 0.066666667 | S20: Trash
A21: Diddy Kong | B21: 27 | C21: 3 | D21: =E21/B21 -> 5.4074074 | E21: 146 | F21: =C21/B21 -> 0.11111111 | G21: 2.296242 | I21: Diddy Kong | J21: 27 | K21: 3 | L21: =M21/J21 -> 5.4074074 | M21: 146 | N21: =K21/J21 -> 0.11111111 | S21: Trash
A22: Donkey Kong | B22: 45 | C22: 3 | D22: =E22/B22 -> 5.3555556 | E22: 241 | F22: =C22/B22 -> 0.066666667 | G22: 2.1514493 | I22: Donkey Kong | J22: 45 | K22: 3 | L22: =M22/J22 -> 5.3555556 | M22: 241 | N22: =K22/J22 -> 0.066666667 | S22: Trash
A23: Dr. Mario | B23: 27 | C23: 3 | D23: =E23/B23 -> 5.037037 | E23: 136 | F23: =C23/B23 -> 0.11111111 | G23: 2.3299295 | I23: Duck Hunt | J23: 23 | K23: 0 | L23: =M23/J23 -> 5.2608696 | M23: 121 | N23: =K23/J23 -> 0
A24: Duck Hunt | B24: 23 | C24: 0 | D24: =E24/B24 -> 5.2608696 | E24: 121 | F24: =C24/B24 -> 0 | G24: 2.0655911 | I24: Dr. Mario | J24: 27 | K24: 3 | L24: =M24/J24 -> 5.037037 | M24: 136 | N24: =K24/J24 -> 0.11111111
A25: Falco | B25: 22 | C25: 2 | D25: =E25/B25 -> 3.6363636 | E25: 80 | F25: =C25/B25 -> 0.090909091 | G25: 2.1794495 | I25: Falco | J25: 22 | K25: 2 | L25: =M25/J25 -> 3.6363636 | M25: 80 | N25: =K25/J25 -> 0.090909091
A26: Fox | B26: 22 | C26: 2 | D26: =E26/B26 -> 5.1818182 | E26: 114 | F26: =C26/B26 -> 0.090909091 | G26: 2.3159526 | I26: Fox | J26: 22 | K26: 2 | L26: =M26/J26 -> 5.1818182 | M26: 114 | N26: =K26/J26 -> 0.090909091
A27: Ganondorf | B27: 142 | C27: 12 | D27: =E27/B27 -> 5.0140845 | E27: 712 | F27: =C27/B27 -> 0.084507042 | G27: 2.1609054 | I27: Ganondorf | J27: 142 | K27: 12 | L27: =M27/J27 -> 5.0140845 | M27: 712 | N27: =K27/J27 -> 0.084507042 | S27: Trash
A28: Greninja | B28: 21 | C28: 2 | D28: =E28/B28 -> 5.6666667 | E28: 119 | F28: =C28/B28 -> 0.095238095 | G28: 2.236068 | I28: Greninja | J28: 21 | K28: 2 | L28: =M28/J28 -> 5.6666667 | M28: 119 | N28: =K28/J28 -> 0.095238095
A29: Hero | B29: 110 | C29: 21 | D29: =E29/B29 -> 3.6909091 | E29: 406 | F29: =C29/B29 -> 0.19090909 | G29: 1.9493589 | I29: Hero | J29: 110 | K29: 21 | L29: =M29/J29 -> 3.6909091 | M29: 406 | N29: =K29/J29 -> 0.19090909 | S29: Trash
A30: Ice-Climbers | B30: 102 | C30: 14 | D30: =E30/B30 -> 4.8529412 | E30: 495 | F30: =C30/B30 -> 0.1372549 | G30: 1.7888544 | I30: Ice-Climbers | J30: 102 | K30: 14 | L30: =M30/J30 -> 4.8529412 | M30: 495 | N30: =K30/J30 -> 0.1372549
A31: Ike | B31: 20 | C31: 1 | D31: =E31/B31 -> 4.25 | E31: 85 | F31: =C31/B31 -> 0.05 | G31: 2.236068 | I31: Ike | J31: 20 | K31: 1 | L31: =M31/J31 -> 4.25 | M31: 85 | N31: =K31/J31 -> 0.05
A32: Incineroar | B32: 63 | C32: 4 | D32: =E32/B32 -> 5.0634921 | E32: 319 | F32: =C32/B32 -> 0.063492063 | G32: 1.767767 | I32: Incineroar | J32: 63 | K32: 4 | L32: =M32/J32 -> 5.0634921 | M32: 319 | N32: =K32/J32 -> 0.063492063 | S32: Trash
A33: Inkling | B33: 20 | C33: 0 | D33: =E33/B33 -> 4.5 | E33: 90 | F33: =C33/B33 -> 0 | G33: 2.607681 | I33: Inkling | J33: 20 | K33: 0 | L33: =M33/J33 -> 4.5 | M33: 90 | N33: =K33/J33 -> 0
A34: Isabelle | B34: 26 | C34: 5 | D34: =E34/B34 -> 4.2307692 | E34: 110 | F34: =C34/B34 -> 0.19230769 | G34: 2.7100635 | I34: Isabelle | J34: 26 | K34: 5 | L34: =M34/J34 -> 4.2307692 | M34: 110 | N34: =K34/J34 -> 0.19230769 | S34: Trash
A35: Jigglypuff | B35: 36 | C35: 3 | D35: =E35/B35 -> 4.4444444 | E35: 160 | F35: =C35/B35 -> 0.083333333 | G35: 2.5495098 | I35: Jigglypuff | J35: 36 | K35: 3 | L35: =M35/J35 -> 4.4444444 | M35: 160 | N35: =K35/J35 -> 0.083333333 | S35: Trash
A36: Joker | B36: 21 | C36: 3 | D36: =E36/B36 -> 4.2857143 | E36: 90 | F36: =C36/B36 -> 0.14285714 | G36: 2.7284509 | I36: Joker | J36: 21 | K36: 3 | L36: =M36/J36 -> 4.2857143 | M36: 90 | N36: =K36/J36 -> 0.14285714
A37: Kazuya | B37: 9 | C37: 1 | D37: =E37/B37 -> 3.4444444 | E37: 31 | F37: =C37/B37 -> 0.11111111 | G37: 2.0736441 | I37: Ken/Ryu | J37: 59 | K37: 3 | L37: =M37/J37 -> 5.6271186 | M37: 332 | N37: =K37/J37 -> 0.050847458 | S37: 2
A38: Ken/Ryu | B38: 59 | C38: 3 | D38: =E38/B38 -> 5.6271186 | E38: 332 | F38: =C38/B38 -> 0.050847458 | G38: 2.1248886 | I38: King Dedede | J38: 226 | K38: 35 | L38: =M38/J38 -> 4.5309735 | M38: 1024 | N38: =K38/J38 -> 0.15486726 | S38: Trash
A39: King Dedede | B39: 226 | C39: 35 | D39: =E39/B39 -> 4.5309735 | E39: 1024 | F39: =C39/B39 -> 0.15486726 | G39: 2.369439 | I39: King K Rool | J39: 36 | K39: 2 | L39: =M39/J39 -> 4.7222222 | M39: 170 | N39: =K39/J39 -> 0.055555556 | S39: Trash
A40: King K Rool | B40: 36 | C40: 2 | D40: =E40/B40 -> 4.7222222 | E40: 170 | F40: =C40/B40 -> 0.055555556 | G40: 2.1392325 | I40: Kirby | J40: 66 | K40: 13 | L40: =M40/J40 -> 3.8787879 | M40: 256 | N40: =K40/J40 -> 0.1969697
A41: Kirby | B41: 66 | C41: 13 | D41: =E41/B41 -> 3.8787879 | E41: 256 | F41: =C41/B41 -> 0.1969697 | G41: 2.208689 | I41: Link | J41: 21 | K41: 3 | L41: =M41/J41 -> 4.2380952 | M41: 89 | N41: =K41/J41 -> 0.14285714
A42: Link | B42: 21 | C42: 3 | D42: =E42/B42 -> 4.2380952 | E42: 89 | F42: =C42/B42 -> 0.14285714 | G42: 2.6394444 | I42: Little Mac | J42: 20 | K42: 3 | L42: =M42/J42 -> 4.95 | M42: 99 | N42: =K42/J42 -> 0.15
A43: Little Mac | B43: 20 | C43: 3 | D43: =E43/B43 -> 4.95 | E43: 99 | F43: =C43/B43 -> 0.15 | G43: 2.0883273 | I43: Lucario | J43: 84 | K43: 19 | L43: =M43/J43 -> 3.9166667 | M43: 329 | N43: =K43/J43 -> 0.22619048 | S43: Trash
A44: Lucario | B44: 84 | C44: 19 | D44: =E44/B44 -> 3.9166667 | E44: 329 | F44: =C44/B44 -> 0.22619048 | G44: 2.2233267 | I44: Lucas | J44: 94 | K44: 18 | L44: =M44/J44 -> 3.9361702 | M44: 370 | N44: =K44/J44 -> 0.19148936 | S44: 1
A45: Lucas | B45: 94 | C45: 18 | D45: =E45/B45 -> 3.9361702 | E45: 370 | F45: =C45/B45 -> 0.19148936 | G45: 2.2509257 | I45: Luigi | J45: 145 | K45: 22 | L45: =M45/J45 -> 4.3724138 | M45: 634 | N45: =K45/J45 -> 0.15172414 | S45: Trash
A46: Luigi | B46: 145 | C46: 22 | D46: =E46/B46 -> 4.3724138 | E46: 634 | F46: =C46/B46 -> 0.15172414 | G46: 2.0655911 | I46: Mario | J46: 37 | K46: 3 | L46: =M46/J46 -> 4.9189189 | M46: 182 | N46: =K46/J46 -> 0.081081081 | S46: Trash
A47: Mario | B47: 37 | C47: 3 | D47: =E47/B47 -> 4.9189189 | E47: 182 | F47: =C47/B47 -> 0.081081081 | G47: 2.296705 | I47: Marth/Lucina | J47: 21 | K47: 2 | L47: =M47/J47 -> 4.7619048 | M47: 100 | N47: =K47/J47 -> 0.095238095
A48: Marth/Lucina | B48: 21 | C48: 2 | D48: =E48/B48 -> 4.7619048 | E48: 100 | F48: =C48/B48 -> 0.095238095 | G48: 2.8702082 | I48: Mega Man | J48: 84 | K48: 14 | L48: =M48/J48 -> 4.1547619 | M48: 349 | N48: =K48/J48 -> 0.16666667 | S48: Trash
A49: Mega Man | B49: 84 | C49: 14 | D49: =E49/B49 -> 4.1547619 | E49: 349 | F49: =C49/B49 -> 0.16666667 | G49: 2.1646511 | I49: Meta Knight | J49: 97 | K49: 5 | L49: =M49/J49 -> 4.5773196 | M49: 444 | N49: =K49/J49 -> 0.051546392 | S49: Trash
A50: Meta Knight | B50: 97 | C50: 5 | D50: =E50/B50 -> 4.5773196 | E50: 444 | F50: =C50/B50 -> 0.051546392 | G50: 2.0412415 | I50: Mewtwo | J50: 20 | K50: 0 | L50: =M50/J50 -> 5.65 | M50: 113 | N50: =K50/J50 -> 0
A51: Mewtwo | B51: 20 | C51: 0 | D51: =E51/B51 -> 5.65 | E51: 113 | F51: =C51/B51 -> 0 | G51: 1.3038405 | I51: Mii Brawler | J51: 32 | K51: 1 | L51: =M51/J51 -> 5.4375 | M51: 174 | N51: =K51/J51 -> 0.03125
A52: Mii Brawler | B52: 32 | C52: 1 | D52: =E52/B52 -> 5.4375 | E52: 174 | F52: =C52/B52 -> 0.03125 | I52: Mii Gunner | J52: 38 | K52: 9 | L52: =M52/J52 -> 3.2368421 | M52: 123 | N52: =K52/J52 -> 0.23684211
A53: Mii Gunner | B53: 38 | C53: 9 | D53: =E53/B53 -> 3.2368421 | E53: 123 | F53: =C53/B53 -> 0.23684211 | G53: 2 | I53: Mii Swordfighter | J53: 34 | K53: 7 | L53: =M53/J53 -> 4.6764706 | M53: 159 | N53: =K53/J53 -> 0.20588235
A54: Mii Swordfighter | B54: 34 | C54: 7 | D54: =E54/B54 -> 4.6764706 | E54: 159 | F54: =C54/B54 -> 0.20588235 | G54: 3.2403703 | I54: Mr. Game & Watch | J54: 39 | K54: 3 | L54: =M54/J54 -> 4.3846154 | M54: 171 | N54: =K54/J54 -> 0.076923077
A55: Min Min | B55: 5 | C55: 0 | D55: =E55/B55 -> 7 | E55: 35 | F55: =C55/B55 -> 0 | G55: 0.81649658 | I55: Ness | J55: 98 | K55: 11 | L55: =M55/J55 -> 4.5510204 | M55: 446 | N55: =K55/J55 -> 0.1122449
A56: Mr. Game & Watch | B56: 39 | C56: 3 | D56: =E56/B56 -> 4.3846154 | E56: 171 | F56: =C56/B56 -> 0.076923077 | G56: 1.7182494 | I56: Olimar | J56: 20 | K56: 4 | L56: =M56/J56 -> 4.05 | M56: 81 | N56: =K56/J56 -> 0.2
A57: Ness | B57: 98 | C57: 11 | D57: =E57/B57 -> 4.5510204 | E57: 446 | F57: =C57/B57 -> 0.1122449 | G57: 2.2690924 | I57: Pac Man | J57: 23 | K57: 1 | L57: =M57/J57 -> 4.6086957 | M57: 106 | N57: =K57/J57 -> 0.043478261
A58: Olimar | B58: 20 | C58: 4 | D58: =E58/B58 -> 4.05 | E58: 81 | F58: =C58/B58 -> 0.2 | G58: 1.7043362 | I58: Palutena | J58: 24 | K58: 4 | L58: =M58/J58 -> 3.8333333 | M58: 92 | N58: =K58/J58 -> 0.16666667
A59: Pac Man | B59: 23 | C59: 1 | D59: =E59/B59 -> 4.6086957 | E59: 106 | F59: =C59/B59 -> 0.043478261 | G59: 1.8898224 | I59: Pichu | J59: 50 | K59: 3 | L59: =M59/J59 -> 5.1 | M59: 255 | N59: =K59/J59 -> 0.06 | S59: Trash
A60: Palutena | B60: 24 | C60: 4 | D60: =E60/B60 -> 3.8333333 | E60: 92 | F60: =C60/B60 -> 0.16666667 | G60: 2.3380904 | I60: Pikachu | J60: 110 | K60: 16 | L60: =M60/J60 -> 3.9090909 | M60: 430 | N60: =K60/J60 -> 0.14545455 | S60: 1
A61: Pichu | B61: 50 | C61: 3 | D61: =E61/B61 -> 5.1 | E61: 255 | F61: =C61/B61 -> 0.06 | G61: 2.5226249 | I61: Piranha Plant | J61: 41 | K61: 8 | L61: =M61/J61 -> 3.7560976 | M61: 154 | N61: =K61/J61 -> 0.19512195 | S61: Trash
A62: Pikachu | B62: 110 | C62: 16 | D62: =E62/B62 -> 3.9090909 | E62: 430 | F62: =C62/B62 -> 0.14545455 | G62: 2.0875571 | I62: Pit | J62: 20 | K62: 2 | L62: =M62/J62 -> 4.15 | M62: 83 | N62: =K62/J62 -> 0.1
A63: Piranha Plant | B63: 41 | C63: 8 | D63: =E63/B63 -> 3.7560976 | E63: 154 | F63: =C63/B63 -> 0.19512195 | G63: 2.0528726 | I63: Pokemon Trainer | J63: 24 | K63: 3 | L63: =M63/J63 -> 4.0833333 | M63: 98 | N63: =K63/J63 -> 0.125
A64: Pit | B64: 20 | C64: 2 | D64: =E64/B64 -> 4.15 | E64: 83 | F64: =C64/B64 -> 0.1 | G64: 2.4209732 | I64: Princess Peach/Daisy | J64: 21 | K64: 0 | L64: =M64/J64 -> 4.6190476 | M64: 97 | N64: =K64/J64 -> 0 | S64: Trash
A65: Pokemon Trainer | B65: 24 | C65: 3 | D65: =E65/B65 -> 4.0833333 | E65: 98 | F65: =C65/B65 -> 0.125 | G65: 1.9944979 | I65: Ridley | J65: 20 | K65: 2 | L65: =M65/J65 -> 5.25 | M65: 105 | N65: =K65/J65 -> 0.1
A66: Princess Peach/Daisy | B66: 21 | C66: 0 | D66: =E66/B66 -> 4.6190476 | E66: 97 | F66: =C66/B66 -> 0 | G66: 1.9414507 | I66: R.O.B. | J66: 54 | K66: 6 | L66: =M66/J66 -> 4.6296296 | M66: 250 | N66: =K66/J66 -> 0.11111111 | S66: Trash
A67: Pyra/Mythra | B67: 10 | C67: 0 | D67: =E67/B67 -> 5 | E67: 50 | F67: =C67/B67 -> 0 | G67: 2.3904572 | I67: Robin | J67: 32 | K67: 4 | L67: =M67/J67 -> 4.59375 | M67: 147 | N67: =K67/J67 -> 0.125
A68: Ridley | B68: 20 | C68: 2 | D68: =E68/B68 -> 5.25 | E68: 105 | F68: =C68/B68 -> 0.1 | G68: 2.4832774 | I68: Rosalina | J68: 20 | K68: 0 | L68: =M68/J68 -> 4.75 | M68: 95 | N68: =K68/J68 -> 0
A69: R.O.B. | B69: 54 | C69: 6 | D69: =E69/B69 -> 4.6296296 | E69: 250 | F69: =C69/B69 -> 0.11111111 | G69: 2.0586635 | I69: Roy/Chrom | J69: 20 | K69: 2 | L69: =M69/J69 -> 5.25 | M69: 105 | N69: =K69/J69 -> 0.1
A70: Robin | B70: 32 | C70: 4 | D70: =E70/B70 -> 4.59375 | E70: 147 | F70: =C70/B70 -> 0.125 | G70: 2 | I70: Samus | J70: 182 | K70: 30 | L70: =M70/J70 -> 4.1043956 | M70: 747 | N70: =K70/J70 -> 0.16483516 | S70: Trash
A71: Rosalina | B71: 20 | C71: 0 | D71: =E71/B71 -> 4.75 | E71: 95 | F71: =C71/B71 -> 0 | G71: 2.445842 | I71: Simon | J71: 64 | K71: 4 | L71: =M71/J71 -> 5.515625 | M71: 353 | N71: =K71/J71 -> 0.0625 | S71: Trash
A72: Roy/Chrom | B72: 20 | C72: 2 | D72: =E72/B72 -> 5.25 | E72: 105 | F72: =C72/B72 -> 0.1 | G72: 2.3094011 | I72: Sheik | J72: 20 | K72: 1 | L72: =M72/J72 -> 5.15 | M72: 103 | N72: =K72/J72 -> 0.05
A73: Samus | B73: 182 | C73: 30 | D73: =E73/B73 -> 4.1043956 | E73: 747 | F73: =C73/B73 -> 0.16483516 | G73: 2.2045689 | I73: Shulk | J73: 20 | K73: 0 | L73: =M73/J73 -> 5.15 | M73: 103 | N73: =K73/J73 -> 0
A74: Sephiroth | B74: 8 | C74: 1 | D74: =E74/B74 -> 4.75 | E74: 38 | F74: =C74/B74 -> 0.125 | G74: 2.1679483 | I74: Snake | J74: 20 | K74: 2 | L74: =M74/J74 -> 5.05 | M74: 101 | N74: =K74/J74 -> 0.1
A75: Sheik | B75: 20 | C75: 1 | D75: =E75/B75 -> 5.15 | E75: 103 | F75: =C75/B75 -> 0.05 | G75: 1.9407902 | I75: Sonic | J75: 20 | K75: 4 | L75: =M75/J75 -> 4.1 | M75: 82 | N75: =K75/J75 -> 0.2
A76: Shulk | B76: 20 | C76: 0 | D76: =E76/B76 -> 5.15 | E76: 103 | F76: =C76/B76 -> 0 | G76: 2 | I76: Terry | J76: 40 | K76: 7 | L76: =M76/J76 -> 4.45 | M76: 178 | N76: =K76/J76 -> 0.175 | S76: Trash
A77: Simon | B77: 64 | C77: 4 | D77: =E77/B77 -> 5.515625 | E77: 353 | F77: =C77/B77 -> 0.0625 | G77: 2.1499354 | I77: Toon Link | J77: 20 | K77: 0 | L77: =M77/J77 -> 4.3 | M77: 86 | N77: =K77/J77 -> 0
A78: Snake | B78: 20 | C78: 2 | D78: =E78/B78 -> 5.05 | E78: 101 | F78: =C78/B78 -> 0.1 | G78: 2.6687492 | I78: Villager | J78: 148 | K78: 38 | L78: =M78/J78 -> 3.5405405 | M78: 524 | N78: =K78/J78 -> 0.25675676 | S78: Trash
A79: Sonic | B79: 20 | C79: 4 | D79: =E79/B79 -> 4.1 | E79: 82 | F79: =C79/B79 -> 0.2 | G79: 2.7888668 | I79: Wario | J79: 60 | K79: 5 | L79: =M79/J79 -> 5.0833333 | M79: 305 | N79: =K79/J79 -> 0.083333333
A80: Sora | B80: 5 | C80: 1 | D80: =E80/B80 -> 4 | E80: 20 | F80: =C80/B80 -> 0.2 | G80: 2.2173558 | I80: Wii Fit Trainer | J80: 96 | K80: 9 | L80: =M80/J80 -> 4.2708333 | M80: 410 | N80: =K80/J80 -> 0.09375 | S80: Trash
A81: Steve | B81: 11 | C81: 1 | D81: =E81/B81 -> 4.1818182 | E81: 46 | F81: =C81/B81 -> 0.090909091 | G81: 1.8618987 | I81: Wolf | J81: 106 | K81: 7 | L81: =M81/J81 -> 5.1415094 | M81: 545 | N81: =K81/J81 -> 0.066037736 | S81: Trash
A82: Terry | B82: 40 | C82: 7 | D82: =E82/B82 -> 4.45 | E82: 178 | F82: =C82/B82 -> 0.175 | G82: 2.1315096 | I82: Yoshi | J82: 43 | K82: 6 | L82: =M82/J82 -> 4.1627907 | M82: 179 | N82: =K82/J82 -> 0.13953488 | S82: Trash
A83: Toon Link | B83: 20 | C83: 0 | D83: =E83/B83 -> 4.3 | E83: 86 | F83: =C83/B83 -> 0 | G83: 2.4899799 | I83: Young Link | J83: 22 | K83: 4 | L83: =M83/J83 -> 4.6363636 | M83: 102 | N83: =K83/J83 -> 0.18181818
A84: Villager | B84: 148 | C84: 38 | D84: =E84/B84 -> 3.5405405 | E84: 524 | F84: =C84/B84 -> 0.25675676 | G84: 2.6214407 | I84: Zelda | J84: 28 | K84: 5 | L84: =M84/J84 -> 4.1428571 | M84: 116 | N84: =K84/J84 -> 0.17857143
A85: Wario | B85: 60 | C85: 5 | D85: =E85/B85 -> 5.0833333 | E85: 305 | F85: =C85/B85 -> 0.083333333 | G85: 2.4494897 | I85: Zero Suit Samus | J85: 22 | K85: 0 | L85: =M85/J85 -> 5.4545455 | M85: 120 | N85: =K85/J85 -> 0
A86: Wii Fit Trainer | B86: 96 | C86: 9 | D86: =E86/B86 -> 4.2708333 | E86: 410 | F86: =C86/B86 -> 0.09375 | G86: 1.6329932
A87: Wolf | B87: 106 | C87: 7 | D87: =E87/B87 -> 5.1415094 | E87: 545 | F87: =C87/B87 -> 0.066037736 | G87: 2.7945525
A88: Yoshi | B88: 43 | C88: 6 | D88: =E88/B88 -> 4.1627907 | E88: 179 | F88: =C88/B88 -> 0.13953488 | G88: 2.3731557
A89: Young Link | B89: 22 | C89: 4 | D89: =E89/B89 -> 4.6363636 | E89: 102 | F89: =C89/B89 -> 0.18181818 | G89: 2.7748874
A90: Zelda | B90: 28 | C90: 5 | D90: =E90/B90 -> 4.1428571 | E90: 116 | F90: =C90/B90 -> 0.17857143 | G90: 2.587645
A91: Zero Suit Samus | B91: 22 | C91: 0 | D91: =E91/B91 -> 5.4545455 | E91: 120 | F91: =C91/B91 -> 0 | G91: 2.1679483
A96: Ryu | B96: 7 | C96: 0 | D96: =E96/B96 -> 6 | E96: 42 | F96: =C96/B96 -> 0 | G96: 1.9663842
A97: Ken | B97: 13 | C97: 1 | D97: =E97/B97 -> 5.8461538 | E97: 76 | F97: =C97/B97 -> 0.076923077 | G97: 2.1248886

Sheet Prep 5.0
A1: 46171 | B1: 46171 | C1: 46177 | D1: 46177 | E1: 46177 | F1: 46177 | G1: 46178 | H1: 46178 | I1: 46179 | J1: 46179 | K1: 46179 | L1: 46179 | M1: 46179 | N1: 46179 | O1: 46179 | Z1: 46179 | AA1: 46179
A2: Swordfighter | B2: Swordfighter | C2: Bowser | D2: Lucas | E2: Gunner | F2: Pikachu
A3: Roy | B3: Ganondorf | C3: Luigi | D3: Ganondorf | E3: Fox | F3: Wolf
A4: Toon Link | B4: Mewtwo | C4: Mewtwo | D4: Bowser | E4: Pikachu | F4: Dedede
A5: Lucas | B5: Roy | C5: Wolf | D5: Luigi | E5: Dedede | F5: Wii Fit
A6: Ganondorf | B6: Lucario | C6: Young Link | D6: Ice-Climbers | E6: Hero | F6: Hero
A7: Lucario | B7: Lucas | C7: Ganon | D7: Young Link | E7: Wii Fit | F7: Brawler
A8: Mewtwo | B8: Young Link | C8: Climbers | D8: Duck Hunt | E8: Brawler | F8: Marth
A9: Brawler | B9: Brawler | C9: Duck Hunt | D9: Mewtwo | E9: Falco | F9: Gunner
A12: Character | B12: Top 8's | C12: Trophies | D12: Avg Position | E12: Total | F12: Trophy Rate | G12: STD | I12: Character | J12: Top 8's | K12: Trophies | L12: Avg Position | N12: Trophy Rate
A13: Banjo-Kazooie | B13: 35 | C13: 2 | D13: =E13/B13 -> 4.1714286 | E13: 146 | F13: =C13/B13 -> 0.057142857 | G13: 2.3664319 | I13: Banjo-Kazooie | J13: 35 | K13: 2 | L13: =M13/J13 -> 4.1714286 | M13: 146 | N13: =K13/J13 -> 0.057142857
A14: Bayonetta | B14: 128 | C14: 9 | D14: =E14/B14 -> 4.2578125 | E14: 545 | F14: =C14/B14 -> 0.0703125 | G14: 2.3273733 | I14: Bayonetta | J14: 128 | K14: 9 | L14: =M14/J14 -> 4.2578125 | M14: 545 | N14: =K14/J14 -> 0.0703125
A15: Bowser | B15: 257 | C15: 19 | D15: =E15/B15 -> 5.0700389 | E15: 1303 | F15: =C15/B15 -> 0.073929961 | G15: 1.8708287 | I15: Bowser | J15: 257 | K15: 19 | L15: =M15/J15 -> 5.0700389 | M15: 1303 | N15: =K15/J15 -> 0.073929961
A16: Bowser Jr. | B16: 32 | C16: 4 | D16: =E16/B16 -> 4.78125 | E16: 153 | F16: =C16/B16 -> 0.125 | G16: 1.8165902 | I16: Bowser Jr. | J16: 32 | K16: 4 | L16: =M16/J16 -> 4.78125 | M16: 153 | N16: =K16/J16 -> 0.125
A17: Byleth | B17: 112 | C17: 36 | D17: =E17/B17 -> 3.1964286 | E17: 358 | F17: =C17/B17 -> 0.32142857 | G17: 2.0304984 | I17: Byleth | J17: 112 | K17: 36 | L17: =M17/J17 -> 3.1964286 | M17: 358 | N17: =K17/J17 -> 0.32142857
A18: Captain Falcon | B18: 49 | C18: 6 | D18: =E18/B18 -> 4.4285714 | E18: 217 | F18: =C18/B18 -> 0.12244898 | G18: 2.4994623 | I18: Captain Falcon | J18: 49 | K18: 6 | L18: =M18/J18 -> 4.4285714 | M18: 217 | N18: =K18/J18 -> 0.12244898
A19: Cloud | B19: 30 | C19: 2 | D19: =E19/B19 -> 5.0666667 | E19: 152 | F19: =C19/B19 -> 0.066666667 | G19: 2.4235566 | I19: Cloud | J19: 30 | K19: 2 | L19: =M19/J19 -> 5.0666667 | M19: 152 | N19: =K19/J19 -> 0.066666667
A20: Corrin | B20: 45 | C20: 3 | D20: =E20/B20 -> 4.7111111 | E20: 212 | F20: =C20/B20 -> 0.066666667 | G20: 2.1805683 | I20: Corrin | J20: 45 | K20: 3 | L20: =M20/J20 -> 4.7111111 | M20: 212 | N20: =K20/J20 -> 0.066666667
A21: Diddy Kong | B21: 30 | C21: 3 | D21: =E21/B21 -> 5.6 | E21: 168 | F21: =C21/B21 -> 0.1 | G21: 2.296242 | I21: Diddy Kong | J21: 30 | K21: 3 | L21: =M21/J21 -> 5.6 | M21: 168 | N21: =K21/J21 -> 0.1
A22: Donkey Kong | B22: 45 | C22: 3 | D22: =E22/B22 -> 5.3555556 | E22: 241 | F22: =C22/B22 -> 0.066666667 | G22: 2.1514493 | I22: Donkey Kong | J22: 45 | K22: 3 | L22: =M22/J22 -> 5.3555556 | M22: 241 | N22: =K22/J22 -> 0.066666667
A23: Dr. Mario | B23: 37 | C23: 3 | D23: =E23/B23 -> 5.027027 | E23: 186 | F23: =C23/B23 -> 0.081081081 | G23: 2.3299295 | I23: Dr. Mario | J23: 37 | K23: 3 | L23: =M23/J23 -> 5.027027 | M23: 186 | N23: =K23/J23 -> 0.081081081
A24: Duck Hunt | B24: 32 | C24: 0 | D24: =E24/B24 -> 5.125 | E24: 164 | F24: =C24/B24 -> 0 | G24: 2.0655911 | I24: Duck Hunt | J24: 32 | K24: 0 | L24: =M24/J24 -> 5.125 | M24: 164 | N24: =K24/J24 -> 0
... A51: Mewtwo | B51: 79 | C51: 4 | D51: =E51/B51 -> 5.278481 | E51: 417 | F51: =C51/B51 -> 0.050632911 | G51: 1.3038405 | I51: Mii Brawler | J51: 60 | K51: 4 | L51: =M51/J51 -> 5.5666667 | M51: 334 | N51: =K51/J51 -> 0.066666667
A52: Mii Brawler | B52: 60 | C52: 4 | D52: =E52/B52 -> 5.5666667 | E52: 334 | F52: =C52/B52 -> 0.066666667 | I52: Mii Gunner | J52: 59 | K52: 16 | L52: =M52/J52 -> 3.3559322 | M52: 198 | N52: =K52/J52 -> 0.27118644
A53: Mii Gunner | B53: 59 | C53: 16 | D53: =E53/B53 -> 3.3559322 | E53: 198 | F53: =C53/B53 -> 0.27118644 | G53: 2 | I53: Mii Swordfighter | J53: 63 | K53: 13 | L53: =M53/J53 -> 4.4285714 | M53: 279 | N53: =K53/J53 -> 0.20634921
A54: Mii Swordfighter | B54: 63 | C54: 13 | D54: =E54/B54 -> 4.4285714 | E54: 279 | F54: =C54/B54 -> 0.20634921 | G54: 3.2403703 | I54: Mr. Game & Watch | J54: 39 | K54: 3 | L54: =M54/J54 -> 4.3846154 | M54: 171 | N54: =K54/J54 -> 0.076923077
A55: Min Min | B55: 5 | C55: 0 | D55: =E55/B55 -> 7 | E55: 35 | F55: =C55/B55 -> 0 | G55: 0.81649658 | I55: Ness | J55: 101 | K55: 12 | L55: =M55/J55 -> 4.5247525 | M55: 457 | N55: =K55/J55 -> 0.11881188
A56: Mr. Game & Watch | B56: 39 | C56: 3 | D56: =E56/B56 -> 4.3846154 | E56: 171 | F56: =C56/B56 -> 0.076923077 | G56: 1.7182494 | I56: Olimar | J56: 30 | K56: 5 | L56: =M56/J56 -> 4.0666667 | M56: 122 | N56: =K56/J56 -> 0.16666667
A57: Ness | B57: 101 | C57: 12 | D57: =E57/B57 -> 4.5247525 | E57: 457 | F57: =C57/B57 -> 0.11881188 | G57: 2.2690924 | I57: Pac Man | J57: 31 | K57: 1 | L57: =M57/J57 -> 4.6129032 | M57: 143 | N57: =K57/J57 -> 0.032258065
A58: Olimar | B58: 30 | C58: 5 | D58: =E58/B58 -> 4.0666667 | E58: 122 | F58: =C58/B58 -> 0.16666667 | G58: 1.7043362 | I58: Palutena | J58: 30 | K58: 6 | L58: =M58/J58 -> 3.7 | M58: 111 | N58: =K58/J58 -> 0.2
